Rk,Player,Age,Team,Pos,G,GS,MP,FG%,2P%,3P%,eFG%,FT%,TS%,FTr,3PAr,FG+,2P+,3P+,eFG+,FT+,TS+,FTr+,3PAr+,FG Add,TS Add
1,Mikal Bridges,28,NYK,SF,82,82,3036,0.5,0.594,0.354,0.57,0.814,0.585,0.1,0.391,107,109,98,105,104,101,41,93,63.1,20.9
2,Josh Hart,29,NYK,SG,77,77,2897,0.525,0.618,0.333,0.579,0.776,0.611,0.266,0.327,112,113,93,107,99,106,110,78,55.7,59.7
3,Anthony Edwards,23,MIN,SG,79,79,2871,0.447,0.501,0.395,0.547,0.837,0.595,0.308,0.503,96,92,110,101,107,103,127,119,11.2,67.9
4,Devin Booker,28,PHO,SG,75,75,2795,0.461,0.542,0.332,0.525,0.894,0.589,0.34,0.388,99,99,92,97,115,102,140,92,-51.3,41.7
5,James Harden,35,LAC,PG,79,79,2789,0.41,0.472,0.352,0.501,0.874,0.582,0.446,0.516,88,87,98,92,112,101,184,122,-109.5,16.6
6,DeMar DeRozan,35,SAC,SF,77,77,2768,0.477,0.513,0.328,0.509,0.857,0.569,0.337,0.196,102,94,91,94,110,99,139,46,-88.7,-20.9
7,Trae Young,26,ATL,PG,76,76,2739,0.411,0.474,0.34,0.491,0.875,0.567,0.408,0.467,88,87,94,90,112,98,168,111,-144.5,-29.1
8,Tyler Herro,25,MIA,SG,77,77,2725,0.472,0.565,0.375,0.563,0.878,0.605,0.237,0.486,101,104,104,104,113,105,98,115,56.3,86.2
9,OG Anunoby,27,NYK,PF,74,74,2706,0.476,0.561,0.372,0.559,0.81,0.591,0.22,0.448,102,103,103,103,104,103,91,106,33.5,33.9
10,Jalen Green,22,HOU,SG,82,82,2697,0.423,0.482,0.354,0.505,0.813,0.544,0.234,0.46,91,88,98,93,104,94,96,109,-110.8,-103.3
11,Christian Braun,23,DEN,SG,79,77,2675,0.58,0.648,0.397,0.634,0.827,0.665,0.261,0.273,124,119,110,117,106,115,107,65,149.3,163.4
12,Bam Adebayo,27,MIA,C,78,78,2674,0.485,0.517,0.357,0.521,0.765,0.561,0.295,0.199,104,95,99,96,98,97,121,47,-49.9,-38.9
13,Ivica Zubac,27,LAC,C,80,80,2624,0.628,0.628,,0.628,0.661,0.641,0.251,0,135,115,,116,85,111,103,0,160.9,134.8
14,Jayson Tatum,26,BOS,PF,72,72,2624,0.452,0.559,0.343,0.537,0.814,0.582,0.3,0.497,97,103,95,99,104,101,124,118,-17.2,20.7
15,Jaden McDaniels,24,MIN,PF,82,82,2614,0.477,0.561,0.33,0.537,0.813,0.562,0.153,0.363,102,103,92,99,104,97,63,86,-9.8,-26
16,Keegan Murray,24,SAC,PF,76,76,2610,0.444,0.566,0.343,0.538,0.833,0.553,0.088,0.548,95,104,95,99,107,96,36,130,-8.6,-39.5
17,Zach LaVine,29,2TM,SF,74,74,2602,0.511,0.562,0.446,0.609,0.825,0.639,0.233,0.438,109,103,124,112,106,111,96,104,160.6,170.1
17,Zach LaVine,29,CHI,SF,42,42,1432,0.511,0.56,0.446,0.607,0.797,0.637,0.256,0.43,109,103,124,112,102,111,106,102,90.8,96.5
17,Zach LaVine,29,SAC,SG,32,32,1170,0.511,0.564,0.446,0.611,0.874,0.642,0.201,0.45,109,103,124,113,112,111,83,107,69.8,73.6
18,Shai Gilgeous-Alexander,26,OKC,PG,76,76,2598,0.519,0.571,0.375,0.569,0.898,0.637,0.404,0.263,111,105,104,105,115,111,166,62,84.4,236.4
19,Michael Porter Jr.,26,DEN,SF,77,77,2593,0.504,0.599,0.395,0.596,0.768,0.617,0.185,0.467,108,110,110,110,98,107,76,111,110.7,91.9
20,Derrick White,30,BOS,SG,76,76,2574,0.442,0.593,0.384,0.58,0.839,0.606,0.168,0.721,95,109,106,107,108,105,69,171,71.4,61.2
21,Dyson Daniels,21,ATL,SG,76,76,2571,0.493,0.545,0.34,0.536,0.593,0.545,0.152,0.255,106,100,95,99,76,95,62,60,-12.5,-61.6
22,Nikola Jokić,29,DEN,C,70,70,2571,0.576,0.627,0.417,0.627,0.8,0.663,0.331,0.243,123,115,116,115,103,115,136,58,228.5,270.5
23,Austin Reaves,26,LAL,SG,73,73,2550,0.46,0.547,0.377,0.556,0.877,0.616,0.353,0.512,98,100,105,102,112,107,145,122,27.7,94.4
24,Toumani Camara,24,POR,PF,78,78,2548,0.458,0.542,0.375,0.552,0.722,0.572,0.176,0.503,98,99,104,102,93,99,72,119,13.3,-7
25,Pascal Siakam,30,IND,PF,78,78,2548,0.519,0.568,0.389,0.572,0.734,0.599,0.261,0.274,111,104,108,105,94,104,107,65,68.2,59.7
26,Brook Lopez,36,MIL,C,80,80,2546,0.509,0.636,0.373,0.599,0.826,0.624,0.178,0.482,109,117,103,110,106,108,73,114,86.3,79.1
27,Karl-Anthony Towns,29,NYK,C,72,72,2517,0.526,0.567,0.42,0.584,0.829,0.63,0.337,0.278,113,104,117,108,106,109,139,66,100.3,151.5
28,Bub Carrington,19,WAS,PG,82,57,2458,0.401,0.475,0.339,0.493,0.812,0.514,0.114,0.544,86,87,94,91,104,89,47,129,-74.4,-98.1
29,Cade Cunningham,23,DET,PG,70,70,2452,0.469,0.515,0.356,0.521,0.846,0.565,0.254,0.287,100,94,99,96,108,98,105,68,-65.5,-36.6
30,Tyrese Haliburton,24,IND,PG,73,73,2451,0.473,0.581,0.388,0.582,0.851,0.616,0.221,0.559,101,107,108,107,109,107,91,133,77.3,87.1
31,Coby White,24,CHI,SG,74,73,2450,0.453,0.544,0.37,0.55,0.902,0.601,0.274,0.521,97,100,103,101,116,104,113,124,14.4,61.5
32,LeBron James,40,LAL,SF,70,70,2444,0.513,0.574,0.376,0.571,0.782,0.604,0.261,0.312,110,105,104,105,100,105,107,74,71.6,78.6
33,Domantas Sabonis,28,SAC,C,70,70,2429,0.59,0.627,0.417,0.627,0.754,0.655,0.324,0.175,126,115,116,115,97,114,133,41,149.1,161.4
34,Jamal Murray,27,DEN,PG,67,67,2418,0.474,0.518,0.393,0.543,0.886,0.584,0.219,0.354,101,95,109,100,114,101,90,84,0.4,19.4
35,Alperen Şengün,22,HOU,C,76,76,2395,0.496,0.519,0.233,0.505,0.692,0.545,0.374,0.079,106,95,65,93,89,95,154,19,-86.5,-83.2
36,Dillon Brooks,29,HOU,SF,75,75,2388,0.429,0.465,0.397,0.533,0.818,0.555,0.135,0.524,92,85,110,98,105,96,56,124,-18.1,-39.7
37,Rudy Gobert,32,MIN,C,72,72,2388,0.669,0.669,,0.669,0.674,0.687,0.535,0,143,123,,123,86,119,220,0,128.1,139.9
38,Tobias Harris,32,DET,PF,73,73,2305,0.477,0.542,0.345,0.534,0.861,0.571,0.206,0.328,102,99,96,98,110,99,85,78,-15.3,-9.8
39,Darius Garland,25,CLE,PG,75,75,2301,0.472,0.53,0.401,0.562,0.878,0.6,0.217,0.451,101,97,111,104,113,104,89,107,44.9,61.8
40,Jalen Brunson,28,NYK,PG,65,65,2301,0.488,0.539,0.383,0.551,0.821,0.605,0.373,0.331,104,99,106,101,105,105,154,79,18.6,80
41,Jarrett Allen,26,CLE,C,82,82,2296,0.706,0.712,0,0.706,0.718,0.724,0.433,0.008,151,131,0,130,92,126,178,2,208.9,225
42,Chris Paul,39,SAS,PG,82,82,2292,0.427,0.514,0.377,0.547,0.924,0.58,0.158,0.636,91,94,105,101,118,101,65,151,4.8,4.5
43,Anfernee Simons,25,POR,SG,70,70,2292,0.426,0.496,0.363,0.521,0.902,0.557,0.172,0.527,91,91,101,96,116,97,71,125,-48.9,-46.8
44,Giannis Antetokounmpo,30,MIL,PF,67,67,2289,0.601,0.62,0.222,0.607,0.617,0.625,0.536,0.048,129,114,62,112,79,108,221,11,167.4,157.5
45,Malik Beasley,28,DET,SG,82,18,2283,0.43,0.466,0.416,0.579,0.679,0.59,0.131,0.715,92,85,116,107,87,102,54,170,77.7,30.8
46,Kentavious Caldwell-Pope,31,ORL,SG,77,77,2279,0.439,0.589,0.342,0.543,0.863,0.574,0.175,0.607,94,108,95,100,111,100,72,144,0.1,-2.1
47,Nikola Vučević,34,CHI,C,73,72,2278,0.53,0.587,0.402,0.592,0.805,0.611,0.144,0.309,113,108,112,109,103,106,59,73,101.6,77.3
48,Payton Pritchard,27,BOS,PG,80,3,2271,0.472,0.642,0.407,0.62,0.845,0.633,0.097,0.723,101,118,113,114,108,110,40,172,132.4,103.4
49,Kevin Durant,36,PHO,PF,62,62,2265,0.527,0.574,0.43,0.598,0.839,0.642,0.321,0.331,113,105,119,110,108,111,132,79,123.2,168.7
50,Shaedon Sharpe,21,POR,SG,72,52,2252,0.452,0.557,0.311,0.519,0.785,0.551,0.219,0.428,97,102,86,95,101,96,90,102,-54.1,-59.9
51,Stephen Curry,36,GSW,PG,70,70,2252,0.448,0.534,0.397,0.572,0.933,0.618,0.238,0.623,96,98,110,105,120,107,98,148,72.6,116.7
52,De'Aaron Fox,27,2TM,PG,62,62,2241,0.463,0.538,0.31,0.514,0.827,0.56,0.273,0.328,99,99,86,95,106,97,113,78,-67.2,-42.5
52,De'Aaron Fox,27,SAC,PG,45,45,1663,0.469,0.539,0.322,0.521,0.829,0.567,0.279,0.324,100,99,89,96,106,98,115,77,-39.1,-18.3
52,De'Aaron Fox,27,SAS,PG,17,17,578,0.446,0.535,0.274,0.493,0.819,0.537,0.257,0.339,96,98,76,91,105,93,106,81,-28.1,-24.2
53,Jalen Williams,23,OKC,SG,69,69,2237,0.484,0.533,0.365,0.537,0.789,0.573,0.256,0.291,104,98,101,99,101,99,105,69,-14.6,-7.6
54,Donovan Mitchell,28,CLE,SG,71,71,2232,0.443,0.512,0.368,0.531,0.823,0.575,0.274,0.48,95,94,102,98,106,100,113,114,-30.7,-3.7
55,Harrison Barnes,32,SAS,PF,82,82,2230,0.508,0.591,0.433,0.622,0.809,0.656,0.291,0.527,109,108,120,115,104,114,120,125,108.2,123
56,Julius Randle,30,MIN,PF,69,69,2226,0.485,0.555,0.344,0.542,0.806,0.593,0.357,0.334,104,102,95,100,103,103,147,79,-1.9,36.1
57,Amen Thompson,22,HOU,SF,69,42,2225,0.557,0.599,0.275,0.575,0.684,0.602,0.354,0.131,119,110,76,106,88,104,146,31,44,41.6
58,Jaren Jackson Jr.,25,MEM,C,74,74,2207,0.488,0.541,0.375,0.548,0.781,0.591,0.328,0.321,104,99,104,101,100,103,135,76,12.5,41.4
59,Desmond Bane,26,MEM,SG,69,68,2205,0.484,0.548,0.392,0.565,0.894,0.6,0.194,0.411,104,101,109,104,115,104,80,97,44.3,53.5
60,Naz Reid,25,MIN,C,80,17,2200,0.462,0.544,0.379,0.556,0.776,0.577,0.155,0.501,99,100,105,102,100,100,64,119,24.5,1.8
61,Tyus Jones,28,PHO,PG,81,58,2174,0.448,0.496,0.414,0.57,0.895,0.585,0.083,0.587,96,91,115,105,115,102,34,139,36.2,13
62,Myles Turner,28,IND,C,72,72,2174,0.481,0.561,0.396,0.577,0.773,0.612,0.293,0.486,103,103,110,106,99,106,121,115,55.1,64.7
63,Evan Mobley,23,CLE,PF,71,71,2167,0.557,0.621,0.37,0.604,0.725,0.633,0.337,0.254,119,114,103,111,93,110,139,60,111,117.3
64,Taurean Prince,30,MIL,SF,80,73,2166,0.457,0.492,0.439,0.6,0.813,0.613,0.093,0.652,98,90,122,111,104,106,38,155,58.7,39.3
65,Stephon Castle,20,SAS,PG,81,47,2162,0.428,0.501,0.285,0.476,0.724,0.522,0.348,0.337,92,92,79,88,93,91,143,80,-132.1,-123
66,Deni Avdija,24,POR,SF,72,54,2161,0.476,0.552,0.365,0.55,0.78,0.605,0.441,0.405,102,101,101,101,100,105,181,96,12.3,57.8
67,Jaylen Brown,28,BOS,SF,63,63,2158,0.463,0.529,0.324,0.515,0.764,0.555,0.288,0.32,99,97,90,95,98,96,119,76,-62.3,-53.6
68,Tim Hardaway Jr.,32,DET,SG,77,77,2153,0.406,0.484,0.368,0.529,0.855,0.567,0.213,0.672,87,89,102,97,110,98,88,160,-18.6,-13.1
69,Bennedict Mathurin,22,IND,SF,72,49,2149,0.458,0.519,0.34,0.516,0.831,0.579,0.389,0.338,98,95,94,95,107,100,160,80,-46.5,4.7
70,Spencer Dinwiddie,31,DAL,PG,79,30,2136,0.416,0.492,0.334,0.496,0.802,0.553,0.356,0.478,89,90,93,91,103,96,147,113,-63.7,-37.1
71,Scottie Barnes,23,TOR,PF,65,65,2134,0.446,0.508,0.271,0.482,0.755,0.523,0.284,0.263,95,93,75,89,97,91,117,63,-130.6,-126.1
72,Max Christie,21,2TM,SG,78,36,2127,0.427,0.496,0.366,0.525,0.855,0.57,0.258,0.532,91,91,102,97,110,99,106,126,-21.8,-8
72,Max Christie,21,LAL,SG,46,25,1154,0.444,0.544,0.368,0.549,0.851,0.598,0.302,0.566,95,100,102,101,109,104,124,134,3.2,14
72,Max Christie,21,DAL,SG,32,11,973,0.411,0.457,0.364,0.502,0.862,0.543,0.215,0.5,88,84,101,92,110,94,89,119,-25,-22
73,Josh Giddey,22,CHI,PG,70,69,2117,0.465,0.512,0.378,0.531,0.781,0.57,0.281,0.348,100,94,105,98,100,99,116,83,-19.7,-11.2
74,Fred VanVleet,30,HOU,PG,60,60,2111,0.378,0.43,0.345,0.483,0.81,0.515,0.181,0.607,81,79,96,89,104,89,74,144,-91.4,-100.1
75,Keyonte George,21,UTA,PG,67,35,2109,0.391,0.449,0.343,0.485,0.818,0.539,0.31,0.552,84,82,95,89,105,93,128,131,-106.2,-78.5
76,Dennis Schröder,31,3TM,PG,75,49,2105,0.406,0.458,0.342,0.483,0.838,0.531,0.261,0.449,87,84,95,89,107,92,108,107,-99.2,-82.5
76,Dennis Schröder,31,BRK,PG,23,23,772,0.452,0.509,0.387,0.542,0.889,0.588,0.249,0.462,97,93,107,100,114,102,103,110,-1,8.4
76,Dennis Schröder,31,GSW,SG,24,18,628,0.375,0.419,0.322,0.448,0.744,0.474,0.155,0.458,80,77,89,83,95,82,64,109,-47.6,-55
76,Dennis Schröder,31,DET,PG,28,8,705,0.378,0.434,0.302,0.442,0.833,0.515,0.382,0.422,81,80,84,81,107,89,157,100,-50.6,-35.9
77,Damian Lillard,34,MIL,PG,58,58,2093,0.448,0.528,0.376,0.547,0.921,0.621,0.396,0.528,96,97,104,101,118,108,163,125,7.6,104.6
78,Russell Westbrook,36,DEN,PG,75,36,2092,0.449,0.517,0.323,0.505,0.661,0.532,0.28,0.35,96,95,90,93,85,92,115,83,-62.6,-81.8
79,Kelly Oubre Jr.,29,PHI,SF,60,57,2078,0.47,0.555,0.293,0.518,0.751,0.551,0.25,0.327,101,102,81,95,96,96,103,78,-37.8,-41.7
80,Nickeil Alexander-Walker,26,MIN,SG,82,10,2073,0.438,0.524,0.381,0.553,0.78,0.579,0.192,0.601,94,96,106,102,100,100,79,143,11.9,3.3
81,Luguentz Dort,25,OKC,SF,71,71,2073,0.435,0.489,0.412,0.578,0.717,0.586,0.078,0.696,93,90,114,107,92,102,32,165,41.9,12.3
82,Onyeka Okongwu,24,ATL,C,74,40,2064,0.567,0.634,0.324,0.602,0.759,0.634,0.316,0.216,121,116,90,111,97,110,130,51,81.1,90.3
83,Malik Monk,26,SAC,SG,65,45,2054,0.439,0.534,0.325,0.513,0.865,0.549,0.19,0.456,94,98,90,94,111,95,78,108,-56.9,-55.3
84,Jaylen Wells,21,MEM,SG,79,74,2043,0.425,0.525,0.352,0.527,0.822,0.56,0.2,0.58,91,96,98,97,105,97,82,138,-22.2,-24.5
85,Jalen Duren,21,DET,C,78,78,2034,0.692,0.692,,0.692,0.669,0.703,0.443,0,148,127,,127,86,122,183,0,163,166.1
86,Jalen Wilson,24,BRK,PF,79,22,2031,0.397,0.481,0.337,0.495,0.818,0.541,0.266,0.584,85,88,94,91,105,94,110,139,-59.4,-49.1
87,Miles Bridges,26,CHO,PF,64,64,2029,0.431,0.513,0.313,0.495,0.87,0.541,0.233,0.413,92,94,87,91,112,94,96,98,-103.8,-83.7
88,Davion Mitchell,26,2TM,PG,74,37,2027,0.468,0.525,0.398,0.557,0.69,0.573,0.176,0.443,100,96,111,103,89,99,73,105,13,-3.1
88,Davion Mitchell,26,TOR,PG,44,22,1080,0.434,0.504,0.359,0.52,0.676,0.536,0.152,0.48,93,92,100,96,87,93,62,114,-11,-20.9
88,Davion Mitchell,26,MIA,PG,30,15,947,0.504,0.543,0.447,0.595,0.702,0.611,0.203,0.405,108,100,124,110,90,106,83,96,24,17.8
89,Franz Wagner,23,ORL,SF,60,60,2023,0.463,0.535,0.295,0.507,0.871,0.558,0.268,0.303,99,98,82,93,112,97,110,72,-83,-46.6
90,Quentin Grimes,24,2TM,SG,75,37,2013,0.467,0.552,0.385,0.565,0.757,0.595,0.26,0.512,100,101,107,104,97,103,107,121,36.2,35.1
90,Quentin Grimes,24,DAL,SG,47,12,1070,0.463,0.543,0.398,0.573,0.765,0.599,0.222,0.551,99,100,110,105,98,104,91,131,21.6,18.3
90,Quentin Grimes,24,PHI,SG,28,25,943,0.469,0.559,0.373,0.559,0.752,0.592,0.29,0.48,100,103,103,103,96,103,120,114,14.6,16.8
91,Jordan Poole,25,WAS,SG,68,68,2001,0.432,0.51,0.378,0.544,0.883,0.591,0.259,0.588,93,94,105,100,113,103,107,140,1,34
92,Draymond Green,34,GSW,PF,68,66,1983,0.424,0.517,0.325,0.503,0.687,0.534,0.289,0.483,91,95,90,93,88,93,119,115,-40.8,-48.1
93,Devin Vassell,24,SAS,SG,64,53,1983,0.443,0.513,0.368,0.532,0.792,0.553,0.135,0.483,95,94,102,98,102,96,56,115,-19.6,-44.3
94,Klay Thompson,34,DAL,SF,72,72,1965,0.412,0.448,0.391,0.535,0.905,0.552,0.084,0.631,88,82,108,98,116,96,35,150,-14.5,-43.2
95,Tyrese Maxey,24,PHI,PG,52,52,1960,0.437,0.515,0.337,0.511,0.879,0.562,0.265,0.438,94,95,94,94,113,98,109,104,-70,-34.8
96,Norman Powell,31,LAC,SG,60,60,1958,0.484,0.538,0.418,0.578,0.804,0.615,0.28,0.453,104,99,116,106,103,107,115,108,66.6,82.6
97,Yves Missi,20,NOP,C,73,67,1956,0.547,0.548,0,0.547,0.623,0.572,0.415,0.002,117,101,0,101,80,99,171,0,3.6,-5.4
98,Keon Ellis,25,SAC,SG,80,28,1948,0.489,0.615,0.433,0.639,0.849,0.664,0.185,0.692,105,113,120,118,109,115,76,164,89,87.7
99,Bilal Coulibaly,20,WAS,SF,59,59,1948,0.421,0.5,0.281,0.472,0.746,0.515,0.296,0.359,90,92,78,87,96,89,122,85,-88.7,-85.9
100,Kyle Kuzma,29,2TM,PF,65,62,1936,0.436,0.512,0.307,0.493,0.634,0.514,0.238,0.369,93,94,85,91,81,89,98,88,-85.1,-115.6
100,Kyle Kuzma,29,WAS,PF,32,30,887,0.42,0.495,0.281,0.469,0.602,0.488,0.215,0.352,90,91,78,86,77,85,89,83,-67.2,-88
100,Kyle Kuzma,29,MIL,PF,33,32,1049,0.455,0.533,0.333,0.52,0.663,0.545,0.265,0.389,97,98,93,96,85,95,109,92,-17.9,-27.6
101,Julian Champagnie,23,SAS,SF,82,29,1932,0.415,0.53,0.371,0.549,0.904,0.577,0.141,0.722,89,97,103,101,116,100,58,171,7.7,1
102,Keon Johnson,22,BRK,SG,79,56,1925,0.389,0.468,0.314,0.47,0.77,0.499,0.178,0.515,83,86,87,87,99,87,73,122,-114.1,-129.2
103,Naji Marshall,27,DAL,SF,69,31,1919,0.508,0.611,0.275,0.551,0.813,0.584,0.225,0.306,109,112,76,101,104,101,93,73,10.7,12.4
104,Jrue Holiday,34,BOS,PG,62,62,1896,0.443,0.547,0.353,0.538,0.909,0.565,0.134,0.534,95,100,98,99,117,98,55,127,-6.4,-13.4
105,Guerschon Yabusele,29,PHI,C,70,43,1895,0.501,0.616,0.38,0.593,0.725,0.616,0.245,0.487,107,113,105,109,93,107,101,116,56.5,49.2
106,Gary Trent Jr.,26,MIL,SG,74,9,1893,0.431,0.46,0.416,0.568,0.848,0.591,0.14,0.659,92,84,115,105,109,103,58,156,32.4,20.2
107,Anthony Black,21,ORL,PG,78,10,1887,0.423,0.471,0.318,0.473,0.761,0.521,0.318,0.315,90,86,88,87,98,90,131,75,-87.4,-78.4
108,Josh Green,24,CHO,SG,68,67,1887,0.428,0.48,0.391,0.543,0.681,0.559,0.171,0.589,92,88,109,100,87,97,70,140,-0.3,-15.7
109,Nic Claxton,25,BRK,C,70,62,1882,0.563,0.576,0.238,0.568,0.513,0.569,0.271,0.037,121,106,66,105,66,99,112,9,28.1,-8.6
110,Andrew Nembhard,25,IND,SG,65,65,1881,0.458,0.538,0.291,0.506,0.794,0.545,0.252,0.325,98,99,81,93,102,95,104,77,-40.4,-37.1
111,Cason Wallace,21,OKC,SG,68,43,1876,0.474,0.562,0.356,0.55,0.811,0.562,0.076,0.425,102,103,99,101,104,98,31,101,6.9,-14.3
112,Derrick Jones Jr.,27,LAC,SF,77,55,1873,0.526,0.627,0.356,0.593,0.703,0.609,0.2,0.372,113,115,99,109,90,106,82,88,58.3,42.4
113,Rui Hachimura,26,LAL,PF,59,57,1869,0.509,0.581,0.413,0.597,0.77,0.619,0.196,0.429,109,107,115,110,99,107,81,102,62.4,53.9
114,RJ Barrett,24,TOR,SF,58,58,1869,0.468,0.522,0.35,0.523,0.63,0.547,0.317,0.312,100,96,97,96,81,95,130,74,-39.6,-66.3
115,Buddy Hield,32,GSW,SG,82,22,1863,0.417,0.527,0.37,0.546,0.828,0.56,0.081,0.698,89,97,103,101,106,97,34,166,5.3,-26.2
116,Trey Murphy III,24,NOP,SF,53,51,1854,0.454,0.556,0.361,0.548,0.887,0.598,0.274,0.522,97,102,100,101,114,104,113,124,8.7,40.5
117,Zaccharie Risacher,19,ATL,SF,75,73,1843,0.458,0.54,0.355,0.537,0.711,0.558,0.191,0.442,98,99,98,99,91,97,79,105,-10.1,-31.3
118,Andrew Wiggins,29,2TM,SF,60,60,1842,0.448,0.501,0.374,0.526,0.763,0.566,0.306,0.415,96,92,104,97,98,98,126,98,-29.2,-19.2
118,Andrew Wiggins,29,GSW,SF,43,43,1296,0.444,0.491,0.379,0.524,0.777,0.566,0.304,0.422,95,90,105,96,100,98,125,100,-22.6,-13.4
118,Andrew Wiggins,29,MIA,SF,17,17,546,0.458,0.523,0.36,0.53,0.731,0.566,0.311,0.398,98,96,100,98,94,98,128,95,-6.6,-5.8
119,Isaiah Collier,20,UTA,PG,71,46,1839,0.422,0.497,0.249,0.459,0.682,0.494,0.277,0.305,90,91,69,85,87,86,114,72,-92.8,-102.7
120,Keldon Johnson,25,SAS,SF,77,0,1838,0.482,0.573,0.318,0.538,0.773,0.572,0.252,0.356,103,105,88,99,99,99,104,84,-7.3,-6.7
121,Royce O'Neale,31,PHO,SF,75,22,1837,0.423,0.481,0.406,0.58,0.731,0.585,0.046,0.774,90,88,113,107,94,101,19,184,41.9,10
122,P.J. Washington,26,DAL,PF,57,56,1835,0.453,0.493,0.381,0.521,0.722,0.556,0.298,0.359,97,90,106,96,93,96,123,85,-29.3,-30.7
123,CJ McCollum,33,NOP,PG,56,56,1832,0.444,0.505,0.373,0.53,0.717,0.55,0.173,0.459,95,93,103,98,92,95,71,109,-27.1,-57.1
124,Haywood Highsmith,28,MIA,SF,74,42,1818,0.458,0.57,0.382,0.572,0.721,0.583,0.11,0.596,98,105,106,105,92,101,45,141,22.3,5.6
125,Dorian Finney-Smith,31,2TM,PF,63,40,1818,0.448,0.545,0.411,0.597,0.667,0.604,0.103,0.722,96,100,114,110,85,105,43,171,46.5,24.9
125,Dorian Finney-Smith,31,BRK,PF,20,20,579,0.459,0.51,0.435,0.607,0.625,0.613,0.151,0.679,98,94,121,112,80,106,62,161,20.3,12.6
125,Dorian Finney-Smith,31,LAL,PF,43,20,1239,0.442,0.571,0.398,0.591,0.714,0.598,0.076,0.746,95,105,111,109,92,104,31,177,26.2,12.3
126,Alex Sarr,19,WAS,C,67,67,1814,0.394,0.454,0.308,0.457,0.679,0.482,0.199,0.412,84,83,85,84,87,84,82,98,-142.3,-168.8
127,Kyrie Irving,32,DAL,SG,50,50,1804,0.473,0.517,0.401,0.549,0.916,0.594,0.226,0.38,101,95,111,101,117,103,93,90,11.6,36.5
128,Kyshawn George,21,WAS,SG,68,38,1802,0.372,0.464,0.322,0.476,0.753,0.503,0.17,0.648,80,85,89,88,97,87,70,154,-73,-86.4
129,Cameron Johnson,28,BRK,PF,57,57,1800,0.475,0.578,0.39,0.582,0.893,0.632,0.301,0.546,102,106,108,107,115,110,124,130,57.7,95.1
130,Duncan Robinson,30,MIA,SF,74,37,1785,0.437,0.556,0.393,0.581,0.887,0.595,0.08,0.729,94,102,109,107,114,103,33,173,49.9,26.1
131,Kris Dunn,30,LAC,PG,74,58,1783,0.439,0.549,0.335,0.525,0.682,0.531,0.05,0.513,94,101,93,97,87,92,21,122,-15.6,-40.7
132,Luka Dončić,25,2TM,PG,50,50,1769,0.45,0.522,0.368,0.536,0.782,0.587,0.385,0.469,96,96,102,99,100,102,159,111,-14.2,26.6
132,Luka Dončić,25,DAL,PG,22,22,785,0.464,0.555,0.354,0.544,0.767,0.584,0.313,0.455,99,102,98,100,98,101,129,108,0.9,8
132,Luka Dončić,25,LAL,PG,28,28,984,0.438,0.493,0.379,0.53,0.791,0.59,0.445,0.481,94,90,105,98,101,102,183,114,-15.1,18.6
133,Scoot Henderson,20,POR,PG,66,10,1759,0.419,0.469,0.354,0.496,0.767,0.54,0.301,0.434,90,86,98,91,98,94,124,103,-65,-56.8
134,Wendell Carter Jr.,25,ORL,C,68,51,1758,0.46,0.568,0.234,0.498,0.737,0.544,0.356,0.322,99,104,65,92,95,94,147,76,-44.3,-36.6
135,Collin Sexton,26,UTA,SG,63,61,1758,0.48,0.513,0.406,0.543,0.865,0.593,0.29,0.313,103,94,113,100,111,103,119,74,0.3,32.6
136,Mike Conley,37,MIN,PG,71,64,1756,0.4,0.38,0.41,0.535,0.9,0.573,0.192,0.662,86,70,114,99,115,99,79,157,-7.3,-2.9
137,Amir Coffey,27,LAC,SG,72,13,1748,0.471,0.529,0.409,0.57,0.891,0.614,0.253,0.484,101,97,114,105,114,107,104,115,27.1,42.9
138,Jimmy Butler,35,2TM,SF,55,55,1746,0.504,0.546,0.308,0.531,0.842,0.626,0.657,0.174,108,100,85,98,108,109,270,41,-14.5,77.3
138,Jimmy Butler,35,MIA,PF,25,25,766,0.54,0.568,0.361,0.565,0.801,0.638,0.612,0.137,116,104,100,104,103,111,252,33,11.3,41.3
138,Jimmy Butler,35,GSW,SF,30,30,980,0.476,0.526,0.279,0.504,0.87,0.617,0.692,0.204,102,97,78,93,112,107,285,48,-25.8,36
139,Aaron Wiggins,26,OKC,SG,76,26,1744,0.488,0.578,0.383,0.577,0.831,0.596,0.122,0.466,104,106,106,106,107,103,50,111,49.3,29.9
140,Walker Kessler,23,UTA,C,58,58,1740,0.663,0.706,0.176,0.671,0.52,0.66,0.363,0.081,142,130,49,123,67,114,149,19,106.9,81.1
141,De'Andre Hunter,27,2TM,SF,64,9,1740,0.47,0.537,0.405,0.573,0.846,0.623,0.333,0.509,101,99,112,105,109,108,137,121,45.3,81.1
141,De'Andre Hunter,27,ATL,SF,37,4,1064,0.461,0.531,0.393,0.56,0.858,0.616,0.358,0.502,99,97,109,103,110,107,147,119,16.6,45.8
141,De'Andre Hunter,27,CLE,SF,27,5,676,0.485,0.55,0.426,0.596,0.821,0.634,0.289,0.522,104,101,118,110,105,110,119,124,28.7,35.3
142,Ochai Agbaji,24,TOR,SG,64,45,1739,0.498,0.587,0.399,0.593,0.708,0.601,0.09,0.474,107,108,111,109,91,104,37,112,53,27.3
143,Brandin Podziemski,21,GSW,SG,64,33,1716,0.445,0.516,0.372,0.537,0.758,0.557,0.151,0.491,95,95,103,99,97,97,62,117,-8.2,-26
144,Jabari Smith Jr.,21,HOU,PF,57,39,1716,0.438,0.519,0.354,0.525,0.825,0.562,0.223,0.489,94,95,98,97,106,97,92,116,-20.8,-18.1
145,Anthony Davis,31,2TM,PF,51,51,1706,0.516,0.553,0.282,0.536,0.775,0.588,0.405,0.136,111,102,78,99,99,102,167,32,-13.4,25.2
145,Anthony Davis,31,LAL,C,42,42,1440,0.528,0.56,0.298,0.546,0.788,0.601,0.423,0.124,113,103,83,101,101,104,174,29,4.7,44.7
145,Anthony Davis,31,DAL,PF,9,9,266,0.461,0.516,0.233,0.484,0.688,0.52,0.316,0.197,99,95,65,89,88,90,130,47,-18.1,-19.5
146,Bradley Beal,31,PHO,SG,53,38,1702,0.497,0.565,0.386,0.571,0.803,0.598,0.197,0.38,106,104,107,105,103,104,81,90,38.2,32.8
147,Georges Niang,31,2TM,PF,79,3,1697,0.461,0.569,0.406,0.595,0.793,0.607,0.094,0.66,99,104,113,110,102,105,39,157,64.6,40.1
147,Georges Niang,31,CLE,PF,51,1,1053,0.477,0.618,0.4,0.606,0.793,0.617,0.083,0.647,102,113,111,112,102,107,34,154,44,29.3
147,Georges Niang,31,ATL,PF,28,2,644,0.441,0.5,0.413,0.581,0.793,0.595,0.107,0.676,94,92,115,107,102,103,44,161,20.6,10.8
148,Jakob Poeltl,29,TOR,C,57,56,1686,0.627,0.628,0.333,0.628,0.674,0.641,0.249,0.005,134,115,93,116,86,111,102,1,98.1,83.8
149,Scotty Pippen Jr.,24,MEM,PG,79,21,1683,0.48,0.528,0.397,0.553,0.713,0.582,0.288,0.369,103,97,110,102,91,101,119,88,11.8,7.8
150,Kevin Huerter,26,2TM,SG,69,31,1679,0.425,0.587,0.338,0.535,0.714,0.544,0.081,0.647,91,108,94,98,92,94,33,154,-10,-39.8
150,Kevin Huerter,26,SAC,SG,43,15,899,0.413,0.629,0.302,0.513,0.714,0.524,0.09,0.661,88,115,84,94,92,91,37,157,-18.7,-33.4
150,Kevin Huerter,26,CHI,SG,26,16,780,0.439,0.546,0.376,0.558,0.714,0.566,0.071,0.633,94,100,104,103,92,98,29,150,8.7,-6.4
151,Santi Aldama,24,MEM,PF,65,16,1660,0.483,0.599,0.368,0.576,0.691,0.588,0.145,0.503,103,110,102,106,89,102,60,119,42.2,16.6
152,A.J. Green,25,MIL,SG,73,7,1659,0.429,0.443,0.427,0.612,0.815,0.621,0.064,0.856,92,81,119,113,104,108,26,203,58.5,38.7
153,Al Horford,38,BOS,C,60,42,1659,0.423,0.551,0.363,0.547,0.895,0.563,0.082,0.681,91,101,101,101,115,98,34,162,3.3,-12.5
154,Terry Rozier,30,MIA,PG,64,23,1658,0.391,0.48,0.295,0.462,0.852,0.497,0.17,0.485,84,88,82,85,109,86,70,115,-102.7,-107.5
155,Peyton Watson,22,DEN,SF,68,18,1656,0.477,0.534,0.353,0.533,0.693,0.564,0.32,0.318,102,98,98,98,89,98,132,75,-8.9,-11.7
156,Moses Moody,22,GSW,SG,74,34,1649,0.433,0.519,0.374,0.544,0.797,0.578,0.234,0.593,93,95,104,100,102,100,96,141,1.1,2
157,Tristan Da Silva,23,ORL,SF,74,38,1629,0.412,0.488,0.335,0.495,0.873,0.522,0.13,0.495,88,89,93,91,112,91,54,117,-46.6,-55.5
158,Donte DiVincenzo,28,MIN,SG,62,10,1606,0.422,0.49,0.397,0.568,0.778,0.582,0.106,0.739,90,90,110,105,100,101,44,175,29.9,7.7
159,Isaiah Joe,25,OKC,SG,74,16,1604,0.44,0.549,0.412,0.604,0.821,0.617,0.095,0.793,94,101,114,111,105,107,39,188,71.4,50
160,Corey Kispert,25,WAS,SF,61,0,1602,0.451,0.574,0.364,0.558,0.852,0.584,0.156,0.584,97,105,101,103,109,101,64,139,16.3,9.3
161,Caris LeVert,30,2TM,SG,64,3,1596,0.467,0.552,0.373,0.556,0.71,0.582,0.259,0.474,100,101,104,102,91,101,107,113,15.4,7.1
161,Caris LeVert,30,CLE,SF,38,3,904,0.453,0.5,0.405,0.554,0.699,0.58,0.279,0.497,97,92,113,102,90,101,115,118,6.3,2.5
161,Caris LeVert,30,ATL,SG,26,0,692,0.482,0.6,0.338,0.558,0.722,0.583,0.239,0.452,103,110,94,103,93,101,98,107,9.1,4.6
162,Miles McBride,24,NYK,PG,64,10,1593,0.406,0.455,0.369,0.511,0.813,0.531,0.117,0.57,87,84,102,94,104,92,48,135,-35.1,-51.8
163,Isaiah Hartenstein,26,OKC,C,57,53,1590,0.581,0.605,0,0.581,0.675,0.599,0.244,0.04,124,111,0,107,87,104,100,9,36.7,24.5
164,Gradey Dick,21,TOR,SG,54,54,1587,0.41,0.47,0.35,0.498,0.858,0.543,0.24,0.504,88,86,97,92,110,94,99,120,-58.7,-47.2
165,Paolo Banchero,22,ORL,PF,46,46,1582,0.452,0.509,0.32,0.5,0.727,0.551,0.423,0.299,97,93,89,92,93,96,174,71,-78.5,-54
166,Patrick Williams,23,CHI,PF,63,36,1576,0.397,0.447,0.353,0.49,0.723,0.512,0.161,0.527,85,82,98,90,93,89,66,125,-54.4,-70.7
167,Obi Toppin,26,IND,PF,79,4,1545,0.529,0.695,0.365,0.621,0.781,0.642,0.19,0.503,113,127,101,114,100,111,78,119,93.4,84.9
168,Grayson Allen,29,PHO,SG,64,7,1544,0.448,0.504,0.426,0.6,0.816,0.631,0.233,0.716,96,92,118,111,105,109,96,170,55.9,58.7
169,Sam Hauser,27,BOS,PF,71,19,1541,0.451,0.64,0.416,0.627,1,0.632,0.023,0.842,97,117,115,115,128,110,10,200,79.2,53.2
170,Ziaire Williams,23,BRK,SF,63,45,1541,0.412,0.509,0.341,0.511,0.821,0.55,0.237,0.581,88,93,95,94,105,96,97,138,-33.8,-29.6
171,Gabe Vincent,28,LAL,PG,72,11,1527,0.4,0.532,0.353,0.53,0.714,0.536,0.05,0.736,86,98,98,98,92,93,21,175,-11.2,-34.6
172,Victor Wembanyama,21,SAS,C,46,46,1527,0.476,0.586,0.352,0.559,0.836,0.594,0.221,0.47,102,107,98,103,107,103,91,112,27.2,32.6
173,Jerami Grant,30,POR,PF,47,47,1524,0.373,0.381,0.365,0.467,0.849,0.523,0.289,0.516,80,70,101,86,109,91,119,122,-87.4,-68.6
174,Jonas Valančiūnas,32,2TM,C,81,21,1524,0.55,0.571,0.216,0.557,0.879,0.602,0.263,0.059,118,105,60,102,113,105,108,14,17,36.7
174,Jonas Valančiūnas,32,WAS,C,49,12,983,0.547,0.567,0.259,0.556,0.896,0.602,0.251,0.064,117,104,72,102,115,104,103,15,10.7,23.9
174,Jonas Valančiūnas,32,SAC,C,32,9,541,0.556,0.579,0.1,0.559,0.847,0.604,0.288,0.049,119,106,28,103,109,105,119,12,6.3,12.8
175,Kyle Filipowski,21,UTA,C,72,27,1522,0.502,0.614,0.35,0.576,0.65,0.594,0.276,0.425,107,113,97,106,83,103,114,101,34.4,20.6
176,Ja Morant,25,MEM,PG,50,50,1519,0.454,0.523,0.309,0.504,0.824,0.563,0.359,0.321,97,96,86,93,106,98,148,76,-69.6,-27.2
177,Matas Buzelis,20,CHI,SF,80,31,1511,0.454,0.54,0.361,0.541,0.815,0.571,0.195,0.479,97,99,100,100,104,99,80,114,-2.8,-6.3
178,LaMelo Ball,23,CHO,PG,47,47,1505,0.405,0.478,0.339,0.494,0.843,0.536,0.228,0.526,87,88,94,91,108,93,94,125,-98.4,-87.9
179,Dalton Knecht,23,LAL,SF,78,16,1494,0.461,0.594,0.376,0.576,0.762,0.594,0.151,0.61,99,109,105,106,98,103,62,145,37,21.5
180,Kevin Porter Jr.,24,2TM,SG,75,4,1482,0.449,0.501,0.311,0.492,0.769,0.531,0.259,0.271,96,92,86,91,99,92,107,64,-67.2,-66.1
180,Kevin Porter Jr.,24,LAC,SG,45,2,884,0.423,0.485,0.245,0.455,0.645,0.476,0.187,0.26,90,89,68,84,83,83,77,62,-72.1,-88.6
180,Kevin Porter Jr.,24,MIL,SG,30,2,598,0.494,0.529,0.408,0.553,0.871,0.616,0.38,0.29,106,97,113,102,112,107,156,69,4.9,22.5
181,D'Angelo Russell,28,2TM,PG,58,36,1480,0.39,0.489,0.314,0.479,0.834,0.522,0.227,0.564,84,90,87,88,107,91,94,134,-82,-76.8
181,D'Angelo Russell,28,LAL,PG,29,10,763,0.415,0.51,0.333,0.505,0.849,0.537,0.17,0.54,89,94,93,93,109,93,70,128,-23.8,-26.3
181,D'Angelo Russell,28,BRK,PG,29,26,717,0.367,0.467,0.297,0.454,0.826,0.508,0.281,0.587,79,86,82,84,106,88,116,139,-58.2,-50.5
182,Lauri Markkanen,27,UTA,PF,47,47,1476,0.423,0.525,0.346,0.521,0.876,0.571,0.264,0.57,91,96,96,96,112,99,109,135,-30.3,-8.5
183,Luke Kennard,28,MEM,SG,65,11,1472,0.478,0.547,0.433,0.609,0.895,0.631,0.132,0.606,102,100,120,112,115,110,54,144,56.9,50.4
184,Jamal Shead,22,TOR,PG,75,11,1467,0.405,0.47,0.323,0.476,0.768,0.499,0.137,0.442,87,86,90,88,98,87,56,105,-67.4,-82.8
185,Aaron Gordon,29,DEN,PF,51,42,1447,0.531,0.582,0.436,0.607,0.81,0.65,0.36,0.346,114,107,121,112,104,113,148,82,63.2,84.5
186,Isaiah Stewart,23,DET,C,72,4,1434,0.559,0.607,0.321,0.586,0.759,0.616,0.276,0.168,120,111,89,108,97,107,114,40,26.9,27.9
187,Brice Sensabaugh,21,UTA,SF,71,15,1432,0.459,0.52,0.422,0.59,0.89,0.612,0.122,0.621,98,95,117,109,114,106,50,147,56.4,44.7
188,Goga Bitadze,25,ORL,C,70,42,1430,0.611,0.656,0.107,0.615,0.639,0.631,0.392,0.083,131,120,30,113,82,110,162,20,48.8,43.9
189,Kel'el Ware,20,MIA,C,64,36,1422,0.554,0.629,0.315,0.592,0.687,0.603,0.144,0.239,119,115,88,109,88,105,59,57,45,26.3
190,Tari Eason,23,HOU,PF,57,16,1420,0.487,0.557,0.342,0.543,0.76,0.567,0.186,0.329,104,102,95,100,97,98,77,78,-0.1,-10.9
191,Zach Edey,22,MEM,C,66,55,1416,0.58,0.612,0.346,0.6,0.709,0.624,0.293,0.12,124,112,96,111,91,108,121,29,49.7,46.6
192,T.J. McConnell,32,IND,PG,79,1,1415,0.519,0.537,0.306,0.531,0.74,0.547,0.123,0.079,111,99,85,98,95,95,51,19,-14.7,-38.1
193,Terance Mann,28,2TM,SG,67,13,1414,0.496,0.58,0.368,0.569,0.691,0.584,0.165,0.395,106,106,102,105,89,101,68,94,21.4,6.6
193,Terance Mann,28,LAC,SG,37,12,732,0.446,0.508,0.347,0.513,0.719,0.533,0.164,0.385,95,93,96,94,92,93,68,91,-11.8,-17.9
193,Terance Mann,28,ATL,SG,30,1,682,0.541,0.646,0.386,0.619,0.667,0.629,0.165,0.404,116,119,107,114,85,109,68,96,33.2,24.5
194,Ryan Dunn,22,PHO,SF,74,44,1410,0.43,0.577,0.311,0.516,0.487,0.517,0.082,0.553,92,106,86,95,62,90,34,131,-26.1,-58.5
195,Sam Merrill,28,CLE,SG,71,4,1401,0.406,0.625,0.372,0.567,0.966,0.583,0.068,0.868,87,115,103,104,124,101,28,206,20.5,5.7
196,Ayo Dosunmu,25,CHI,SG,46,26,1394,0.492,0.612,0.328,0.561,0.785,0.585,0.176,0.421,105,112,91,103,101,102,72,100,16.3,8.5
197,Ty Jerome,27,CLE,SG,70,3,1392,0.516,0.57,0.439,0.606,0.872,0.643,0.239,0.409,110,105,122,112,112,112,99,97,77.8,90.8
198,Julian Strawther,22,DEN,SG,65,4,1384,0.432,0.535,0.349,0.529,0.822,0.559,0.185,0.553,92,98,97,97,105,97,76,131,-13.9,-17.7
199,Nick Smith Jr.,20,CHO,SG,60,27,1369,0.391,0.45,0.34,0.482,0.935,0.502,0.081,0.539,84,83,94,89,120,87,33,128,-68.9,-86.9
200,Jaime Jaquez Jr.,23,MIA,SF,66,17,1368,0.461,0.513,0.311,0.501,0.754,0.543,0.307,0.258,99,94,86,92,97,94,127,61,-38.8,-34.4
201,Nicolas Batum,36,LAC,PF,78,8,1367,0.437,0.457,0.433,0.622,0.81,0.633,0.088,0.853,94,84,120,115,104,110,36,203,37.5,28.1
202,Jose Alvarado,26,NOP,PG,56,23,1366,0.392,0.439,0.359,0.498,0.811,0.523,0.142,0.593,84,80,100,92,104,91,58,141,-46.9,-58.9
203,Jeremy Sochan,21,SAS,PF,54,23,1364,0.535,0.59,0.308,0.565,0.696,0.589,0.267,0.194,115,108,85,104,89,102,110,46,20.6,13.2
204,Luke Kornet,29,BOS,C,73,16,1361,0.668,0.675,0,0.668,0.691,0.683,0.346,0.011,143,124,0,123,89,119,143,3,69.9,69.2
205,Trey Lyles,29,SAC,PF,69,5,1349,0.42,0.559,0.34,0.528,0.7,0.551,0.214,0.636,90,103,94,97,90,96,88,151,-11.2,-20.6
206,Jake LaRavia,23,2TM,PF,66,0,1349,0.475,0.513,0.423,0.564,0.678,0.591,0.341,0.421,102,94,117,104,87,103,141,100,13.9,11.3
206,Jake LaRavia,23,MEM,PF,47,0,982,0.49,0.517,0.444,0.573,0.698,0.605,0.398,0.373,105,95,123,105,89,105,164,89,14.2,16.6
206,Jake LaRavia,23,SAC,PF,19,0,367,0.438,0.5,0.385,0.542,0.579,0.551,0.198,0.542,94,92,107,100,74,96,81,129,-0.3,-5.3
207,Bogdan Bogdanović,32,2TM,SG,54,4,1348,0.427,0.517,0.363,0.534,0.879,0.559,0.134,0.587,91,95,101,98,113,97,55,139,-9.4,-17.5
207,Bogdan Bogdanović,32,ATL,SG,24,0,598,0.371,0.5,0.301,0.469,0.882,0.502,0.152,0.652,79,92,84,86,113,87,63,155,-33.3,-35.4
207,Bogdan Bogdanović,32,LAC,SG,30,4,750,0.474,0.528,0.427,0.588,0.875,0.608,0.119,0.534,101,97,118,108,112,106,49,127,23.9,17.9
208,Justin Champagnie,23,WAS,SF,62,31,1340,0.511,0.624,0.383,0.601,0.685,0.614,0.178,0.47,109,114,106,111,88,107,73,111,47.6,33.4
209,Paul George,34,PHI,PF,41,41,1334,0.43,0.493,0.358,0.514,0.814,0.543,0.17,0.47,92,91,99,95,104,94,70,112,-33.1,-41
210,Ausar Thompson,22,DET,SF,59,48,1328,0.535,0.572,0.224,0.547,0.641,0.568,0.309,0.107,114,105,62,101,82,99,127,25,3.4,-8.1
211,Donovan Clingan,20,POR,C,67,37,1324,0.539,0.582,0.286,0.56,0.596,0.574,0.311,0.147,115,107,79,103,76,100,128,35,11.2,-1.6
212,Jordan Hawkins,22,NOP,SG,56,9,1321,0.372,0.433,0.331,0.471,0.816,0.504,0.176,0.597,80,79,92,87,105,87,73,142,-79.9,-86.4
213,Tyrese Martin,25,BRK,SG,60,11,1315,0.406,0.492,0.351,0.513,0.793,0.533,0.125,0.606,87,90,97,94,102,93,51,144,-28.1,-42.3
214,Mason Plumlee,34,PHO,C,74,21,1300,0.619,0.631,0,0.619,0.648,0.645,0.634,0.02,132,116,0,114,83,112,261,5,30.6,35.3
215,Jonathan Mogbo,23,TOR,PF,63,18,1286,0.438,0.486,0.243,0.462,0.732,0.496,0.23,0.197,94,89,67,85,94,86,95,47,-57.7,-62.8
216,Jalen Johnson,23,ATL,SF,36,36,1284,0.5,0.566,0.312,0.541,0.746,0.569,0.232,0.26,107,104,87,100,96,99,96,62,-2.7,-8.5
217,Max Strus,28,CLE,SF,50,37,1273,0.442,0.65,0.386,0.594,0.824,0.607,0.091,0.786,95,119,107,109,106,105,38,187,37.9,23.9
218,Johnny Juzang,23,UTA,SG,64,18,1270,0.429,0.534,0.376,0.554,0.849,0.573,0.112,0.661,92,98,104,102,109,99,46,157,10.1,-3.3
219,Ron Holland,19,DET,SF,81,2,1266,0.474,0.608,0.238,0.517,0.754,0.556,0.293,0.363,101,111,66,95,97,96,121,86,-21.8,-19.2
220,Javonte Green,31,2TM,SG,68,19,1258,0.429,0.527,0.326,0.509,0.724,0.541,0.265,0.491,92,97,91,94,93,94,109,117,-19.7,-22.3
220,Javonte Green,31,NOP,SG,50,18,1092,0.446,0.534,0.352,0.531,0.758,0.569,0.295,0.482,96,98,98,98,97,99,121,114,-5.3,-3.6
220,Javonte Green,31,CLE,SG,18,1,166,0.365,0.5,0.242,0.429,0.5,0.438,0.159,0.524,78,92,67,79,64,76,65,124,-14.4,-18.7
221,Nick Richards,27,2TM,C,57,43,1256,0.591,0.594,0,0.591,0.744,0.634,0.461,0.006,126,109,0,109,95,110,190,1,33.1,48
221,Nick Richards,27,CHO,C,21,9,440,0.561,0.566,0,0.561,0.678,0.614,0.763,0.009,120,104,0,103,87,107,314,2,4.2,11.5
221,Nick Richards,27,PHO,C,36,34,816,0.605,0.608,0,0.605,0.822,0.645,0.313,0.004,130,112,0,111,105,112,129,1,28.9,36.5
222,Dean Wade,28,CLE,PF,59,30,1252,0.413,0.653,0.36,0.561,0.533,0.563,0.111,0.819,88,120,100,103,68,98,46,195,9.7,-7.5
223,Ricky Council IV,23,PHI,SF,73,12,1250,0.382,0.488,0.258,0.442,0.804,0.502,0.33,0.46,82,90,72,81,103,87,136,109,-93.9,-79.1
224,Tidjane Salaün,19,CHO,PF,60,10,1244,0.33,0.4,0.283,0.414,0.713,0.457,0.272,0.594,71,73,79,76,91,79,112,141,-88.7,-92.2
225,Bobby Portis,29,MIL,PF,49,7,1244,0.466,0.508,0.365,0.52,0.836,0.542,0.123,0.299,100,93,101,96,107,94,51,71,-27.3,-42.7
226,Moussa Diabaté,23,CHO,C,71,8,1241,0.596,0.609,0,0.596,0.595,0.609,0.414,0.021,128,112,0,110,76,106,171,5,29.9,21.5
227,Jeremiah Robinson-Earl,24,NOP,PF,66,9,1239,0.455,0.557,0.341,0.536,0.836,0.563,0.159,0.473,97,102,95,99,107,98,65,112,-4.9,-9.8
228,Simone Fontecchio,29,DET,SF,75,0,1237,0.402,0.507,0.335,0.504,0.833,0.544,0.225,0.609,86,93,93,93,107,94,93,145,-29.1,-26.4
229,Cole Anthony,24,ORL,PG,67,22,1234,0.424,0.471,0.353,0.494,0.823,0.531,0.208,0.401,91,86,98,91,106,92,86,95,-52.8,-53
230,Ben Sheppard,23,IND,SG,63,9,1228,0.418,0.591,0.342,0.537,0.889,0.555,0.094,0.693,89,108,95,99,114,96,39,165,-3.7,-12.4
231,Daniel Gafford,26,DAL,C,57,31,1226,0.702,0.702,,0.702,0.689,0.716,0.486,0,150,129,,129,88,124,200,0,128.3,137.2
232,John Collins,27,UTA,PF,40,31,1220,0.527,0.577,0.399,0.583,0.848,0.628,0.309,0.279,113,106,111,107,109,109,127,66,42.3,62.9
233,Caleb Martin,29,2TM,SF,45,24,1218,0.424,0.458,0.359,0.485,0.622,0.513,0.322,0.339,91,84,100,89,80,89,133,80,-35.2,-44
233,Caleb Martin,29,PHI,SF,31,24,943,0.435,0.469,0.379,0.506,0.622,0.531,0.319,0.375,93,86,105,93,80,92,131,89,-17,-23.9
233,Caleb Martin,29,DAL,SF,14,0,275,0.389,0.429,0.25,0.417,0.625,0.454,0.333,0.222,83,79,69,77,80,79,137,53,-18.2,-20.1
234,Kristaps Porziņģis,29,BOS,C,42,42,1210,0.483,0.537,0.412,0.572,0.809,0.618,0.347,0.436,103,99,114,105,104,107,143,103,33.6,55.6
235,Brandon Clarke,28,MEM,PF,64,18,1207,0.621,0.647,0.059,0.622,0.701,0.638,0.229,0.045,133,119,16,115,90,111,94,11,60.3,52
236,Deandre Ayton,26,POR,C,40,40,1206,0.566,0.594,0.188,0.573,0.667,0.583,0.128,0.068,121,109,52,105,85,101,53,16,27.7,6.3
237,Jarace Walker,21,IND,PF,75,5,1187,0.472,0.543,0.405,0.576,0.667,0.59,0.192,0.514,101,100,113,106,85,102,79,122,24,11.2
238,Kawhi Leonard,33,LAC,SF,37,37,1180,0.498,0.536,0.411,0.56,0.81,0.589,0.194,0.305,107,98,114,103,104,102,80,72,21.3,16.7
239,Clint Capela,30,ATL,C,55,41,1176,0.559,0.56,0,0.559,0.536,0.564,0.249,0.003,120,103,0,103,69,98,102,1,12.4,-10.6
240,Cody Martin,29,2TM,SF,53,8,1173,0.418,0.534,0.285,0.485,0.705,0.509,0.188,0.465,90,98,79,89,90,88,77,110,-38,-47.5
240,Cody Martin,29,CHO,SF,39,8,967,0.433,0.528,0.323,0.507,0.694,0.528,0.183,0.463,93,97,90,93,89,92,75,110,-19.1,-27.7
240,Cody Martin,29,PHO,SF,14,0,206,0.351,0.567,0.111,0.377,0.75,0.417,0.211,0.474,75,104,31,69,96,72,87,112,-18.9,-19.8
241,Mark Williams,23,CHO,C,44,41,1171,0.604,0.609,0,0.604,0.804,0.647,0.365,0.009,129,112,0,111,103,112,150,2,54.5,73.2
242,Precious Achiuwa,25,NYK,C,57,10,1170,0.502,0.529,0.278,0.517,0.594,0.53,0.211,0.11,107,97,77,95,76,92,87,26,-17.2,-32.8
243,Nikola Jović,21,MIA,PF,46,10,1156,0.456,0.563,0.371,0.56,0.828,0.595,0.231,0.557,98,103,103,103,106,103,95,132,12.5,15.4
244,Justin Edwards,21,PHI,SF,44,26,1155,0.455,0.548,0.363,0.546,0.696,0.559,0.122,0.503,97,101,101,101,89,97,50,119,2.4,-13.9
245,Vit Krejci,24,ATL,PG,57,16,1153,0.497,0.64,0.437,0.651,0.711,0.661,0.154,0.705,106,117,121,120,91,115,63,168,62.8,52.7
246,Jonathan Kuminga,22,GSW,PF,47,10,1144,0.454,0.508,0.305,0.495,0.668,0.535,0.414,0.266,97,93,85,91,86,93,170,63,-54.9,-54.7
247,Kevon Looney,28,GSW,C,76,6,1142,0.514,0.516,0.4,0.518,0.566,0.535,0.356,0.018,110,95,111,95,73,93,147,4,-13.9,-26.6
248,Kenrich Williams,30,OKC,PF,69,7,1132,0.483,0.574,0.386,0.576,0.718,0.587,0.11,0.483,103,105,107,106,92,102,45,115,23.5,8.3
249,Julian Phillips,21,CHI,SF,79,5,1123,0.446,0.582,0.327,0.533,0.789,0.571,0.265,0.533,95,107,91,98,101,99,109,127,-5.7,-3.3
250,Aaron Nesmith,25,IND,SF,45,37,1123,0.507,0.587,0.431,0.617,0.913,0.653,0.211,0.515,108,108,120,114,117,113,87,122,56.4,63.7
251,Dalano Banton,25,POR,PG,67,7,1120,0.391,0.442,0.324,0.462,0.728,0.497,0.247,0.438,84,81,90,85,93,86,102,104,-82.7,-88.6
252,Ben Simmons,28,2TM,PG,51,24,1120,0.52,0.52,,0.52,0.727,0.539,0.148,0,111,95,,96,93,94,61,0,-10.2,-17.7
252,Ben Simmons,28,BRK,PG,33,24,825,0.547,0.547,,0.547,0.692,0.562,0.153,0,117,100,,101,89,98,63,0,1.4,-5.1
252,Ben Simmons,28,LAC,PG,18,0,295,0.434,0.434,,0.434,0.857,0.464,0.132,0,93,80,,80,110,80,54,0,-11.6,-12.6
253,Ja'Kobe Walter,20,TOR,SG,52,18,1103,0.405,0.454,0.349,0.487,0.795,0.523,0.211,0.473,87,83,97,90,102,91,87,112,-43.9,-46
254,Jaxson Hayes,24,LAL,C,56,35,1093,0.722,0.732,0,0.722,0.622,0.72,0.439,0.013,155,134,0,133,80,125,181,3,79.8,76.3
255,Cameron Payne,30,NYK,PG,72,5,1090,0.401,0.453,0.363,0.506,0.907,0.532,0.121,0.574,86,83,101,93,116,92,50,136,-33.4,-41.3
256,Jonathan Isaac,27,ORL,PF,71,1,1090,0.414,0.549,0.258,0.474,0.682,0.512,0.33,0.466,89,101,72,87,87,89,136,111,-44.9,-47.6
257,DaQuan Jeffries,27,CHO,SG,47,20,1071,0.405,0.496,0.335,0.5,0.8,0.518,0.103,0.564,87,91,93,92,103,90,42,134,-25.1,-35.6
258,Jusuf Nurkić,30,2TM,C,51,32,1063,0.477,0.551,0.305,0.523,0.664,0.555,0.364,0.298,102,101,85,96,85,96,150,71,-14.3,-17.5
258,Jusuf Nurkić,30,PHO,C,25,23,592,0.454,0.529,0.322,0.512,0.696,0.556,0.423,0.362,97,97,89,94,89,96,174,86,-10,-7.8
258,Jusuf Nurkić,30,CHO,C,26,9,471,0.497,0.566,0.283,0.532,0.627,0.554,0.312,0.243,106,104,78,98,80,96,129,58,-4.3,-9.7
259,Seth Curry,34,CHO,SG,68,14,1062,0.478,0.503,0.456,0.599,0.846,0.616,0.114,0.531,102,92,127,110,109,107,47,126,38.5,29
260,Cody Williams,20,UTA,SG,50,21,1060,0.323,0.393,0.259,0.391,0.725,0.419,0.156,0.525,69,72,72,72,93,73,64,125,-78.1,-86.4
261,Isaac Okoro,24,CLE,SG,55,22,1053,0.464,0.586,0.371,0.569,0.717,0.587,0.172,0.566,99,108,103,105,92,102,71,134,14,6
262,Oso Ighodaro,22,PHO,PF,61,6,1045,0.604,0.611,0,0.604,0.58,0.61,0.267,0.011,129,112,0,111,74,106,110,3,22.9,14.2
263,Jared Butler,24,2TM,SG,60,17,1044,0.448,0.504,0.355,0.514,0.824,0.549,0.201,0.373,96,92,99,95,106,95,83,89,-26.1,-27.1
263,Jared Butler,24,WAS,PG,32,0,362,0.483,0.519,0.366,0.526,0.778,0.562,0.256,0.233,103,95,102,97,100,98,105,55,-6.2,-5.6
263,Jared Butler,24,PHI,SG,28,17,682,0.426,0.49,0.352,0.507,0.87,0.54,0.166,0.462,91,90,98,93,112,94,68,110,-19.9,-21.5
264,Jamison Battle,23,TOR,SF,59,10,1042,0.429,0.5,0.405,0.581,0.889,0.59,0.052,0.746,92,92,113,107,114,102,21,177,26.1,10
265,Noah Clowney,20,BRK,PF,46,20,1042,0.358,0.414,0.333,0.474,0.838,0.516,0.215,0.702,77,76,93,87,107,90,89,167,-51,-49.2
266,Alex Caruso,30,OKC,SG,54,3,1041,0.446,0.556,0.353,0.541,0.824,0.568,0.162,0.541,95,102,98,100,106,99,67,129,-1,-5.7
267,Kris Murray,24,POR,SF,69,6,1040,0.419,0.566,0.225,0.468,0.456,0.472,0.204,0.43,90,104,62,86,58,82,84,102,-42,-63.4
268,Dejounte Murray,28,NOP,PG,31,31,1012,0.393,0.444,0.299,0.445,0.823,0.494,0.251,0.352,84,81,83,82,105,86,103,84,-96.6,-90.1
269,Jalen Suggs,23,ORL,PG,35,35,1002,0.41,0.506,0.314,0.489,0.882,0.536,0.229,0.503,88,93,87,90,113,93,94,119,-52.4,-43.1
270,Kyle Anderson,31,2TM,PF,61,4,1002,0.469,0.502,0.357,0.51,0.738,0.538,0.215,0.231,100,92,99,94,95,93,88,55,-20.1,-25.1
270,Kyle Anderson,31,GSW,PF,36,3,541,0.45,0.487,0.365,0.506,0.667,0.522,0.16,0.308,96,89,101,93,85,91,66,73,-12.6,-19.4
270,Kyle Anderson,31,MIA,SF,25,1,461,0.493,0.517,0.333,0.515,0.789,0.557,0.284,0.134,105,95,93,95,101,97,117,32,-7.5,-5.7
271,Brandon Boston Jr.,23,NOP,SG,42,10,993,0.436,0.485,0.35,0.5,0.788,0.535,0.223,0.367,93,89,97,92,101,93,92,87,-32.8,-34.2
272,Dalen Terry,22,CHI,SG,73,5,987,0.448,0.506,0.356,0.517,0.71,0.546,0.257,0.388,96,93,99,95,91,95,106,92,-14.1,-17.8
273,Andre Jackson Jr.,23,MIL,SG,67,43,980,0.477,0.529,0.395,0.553,0.5,0.554,0.122,0.386,102,97,110,102,64,96,50,92,4,-9.2
274,Zach Collins,27,2TM,PF,64,12,977,0.507,0.617,0.302,0.56,0.885,0.605,0.258,0.351,108,113,84,103,113,105,106,83,10,19.4
274,Zach Collins,27,SAS,C,36,4,425,0.462,0.547,0.304,0.515,0.886,0.566,0.265,0.348,99,100,84,95,114,98,109,83,-7.4,-2.9
274,Zach Collins,27,CHI,PF,28,8,552,0.541,0.673,0.3,0.594,0.884,0.635,0.253,0.353,116,123,83,109,113,110,104,84,17.4,22.3
275,Trayce Jackson-Davis,24,GSW,C,62,37,967,0.576,0.582,0,0.576,0.578,0.587,0.338,0.01,123,107,0,106,74,102,139,2,20,7.3
276,Thomas Bryant,27,2TM,C,66,8,963,0.508,0.665,0.324,0.583,0.859,0.614,0.199,0.461,109,122,90,107,110,107,82,109,25.4,26.7
276,Thomas Bryant,27,MIA,C,10,0,115,0.429,0.545,0.353,0.536,1,0.624,0.393,0.607,92,100,98,99,128,108,162,144,-0.4,3.2
276,Thomas Bryant,27,IND,C,56,8,848,0.515,0.673,0.321,0.587,0.83,0.613,0.181,0.447,110,123,89,108,106,106,74,106,25.8,23.5
277,Jalen Smith,24,CHI,C,64,2,962,0.466,0.634,0.324,0.554,0.809,0.586,0.218,0.544,100,116,90,102,104,102,90,129,8.9,8.7
278,Jordan Clarkson,32,UTA,SG,37,9,962,0.408,0.448,0.362,0.493,0.797,0.54,0.29,0.471,87,82,101,91,102,94,119,112,-49.5,-40.6
279,Gary Payton II,32,GSW,SG,62,11,927,0.574,0.69,0.326,0.626,0.711,0.635,0.128,0.319,123,127,91,115,91,110,53,76,49.3,37.3
280,Brandon Miller,22,CHO,SF,27,27,924,0.403,0.475,0.355,0.509,0.861,0.54,0.161,0.597,86,87,99,94,110,94,66,142,-33.3,-37.9
281,Bruce Brown,28,2TM,PG,41,12,922,0.421,0.452,0.333,0.464,0.815,0.504,0.21,0.262,90,83,93,86,105,87,87,62,-48.6,-49.1
281,Bruce Brown,28,TOR,PG,18,0,353,0.435,0.484,0.306,0.477,0.897,0.525,0.221,0.275,93,89,85,88,115,91,91,65,-17.3,-14.7
281,Bruce Brown,28,NOP,PG,23,12,569,0.41,0.429,0.356,0.455,0.75,0.488,0.202,0.253,88,79,99,84,96,85,83,60,-31.3,-34.4
282,Immanuel Quickley,25,TOR,PG,33,33,918,0.42,0.465,0.378,0.517,0.867,0.57,0.292,0.514,90,85,105,95,111,99,120,122,-22.7,-5.6
283,Trendon Watford,24,BRK,PF,44,6,913,0.469,0.515,0.33,0.51,0.762,0.557,0.349,0.251,100,95,91,94,98,97,144,60,-23.1,-15.2
284,KJ Martin,24,2TM,PF,43,16,912,0.552,0.671,0.259,0.59,0.787,0.618,0.234,0.289,118,123,72,109,101,107,96,69,18.7,18.5
284,KJ Martin,24,PHI,PF,24,7,480,0.616,0.679,0.381,0.657,0.828,0.689,0.293,0.212,132,125,106,121,106,120,121,50,22.5,25.2
284,KJ Martin,24,UTA,SF,19,9,432,0.49,0.662,0.189,0.525,0.722,0.546,0.176,0.363,105,121,53,97,93,95,73,86,-3.8,-6.7
285,Jaden Hardy,22,DAL,SG,57,3,907,0.435,0.479,0.386,0.527,0.698,0.549,0.208,0.476,93,88,107,97,89,95,86,113,-13.7,-24.7
286,Day'Ron Sharpe,23,BRK,C,50,2,907,0.521,0.566,0.244,0.538,0.757,0.568,0.233,0.142,111,104,68,99,97,99,96,34,-3.3,-5.8
287,Adem Bona,21,PHI,C,58,11,905,0.703,0.707,0,0.703,0.67,0.714,0.521,0.005,150,130,0,129,86,124,214,1,61.5,65
288,Tre Jones,25,2TM,PG,46,9,905,0.538,0.574,0.396,0.578,0.821,0.617,0.282,0.202,115,105,110,106,105,107,116,48,16.5,21.8
288,Tre Jones,25,SAS,PG,28,0,450,0.484,0.552,0.308,0.527,0.758,0.572,0.355,0.28,104,101,85,97,97,99,146,66,-3,-0.9
288,Tre Jones,25,CHI,PG,18,9,455,0.572,0.585,0.5,0.61,0.882,0.647,0.234,0.152,123,107,139,112,113,112,97,36,19.5,22.7
289,Jaden Ivey,22,DET,SG,30,30,898,0.46,0.49,0.409,0.536,0.733,0.569,0.281,0.373,98,90,114,99,94,99,116,89,-5.6,-6.7
290,Kelly Olynyk,33,2TM,C,44,22,891,0.5,0.534,0.418,0.562,0.769,0.609,0.403,0.295,107,98,116,103,99,106,166,70,9.9,20.4
290,Kelly Olynyk,33,TOR,C,24,2,383,0.5,0.533,0.442,0.581,0.791,0.624,0.364,0.364,107,98,123,107,101,108,150,87,8.8,13.2
290,Kelly Olynyk,33,NOP,C,20,20,508,0.5,0.535,0.389,0.547,0.754,0.596,0.433,0.24,107,98,108,101,97,103,178,57,1.1,7.2
291,Chet Holmgren,22,OKC,C,32,32,877,0.49,0.547,0.379,0.554,0.754,0.599,0.393,0.34,105,100,105,102,97,104,162,81,7.6,18.1
292,Neemias Queta,25,BOS,C,62,6,863,0.65,0.66,0,0.65,0.754,0.674,0.3,0.015,139,121,0,120,97,117,124,4,43.5,45.1
293,Alec Burks,33,MIA,SG,49,14,863,0.424,0.422,0.425,0.587,0.776,0.608,0.181,0.764,91,77,118,108,99,106,74,181,23.7,18.9
294,Chris Boucher,32,TOR,PF,50,0,862,0.492,0.633,0.363,0.586,0.782,0.615,0.235,0.522,105,116,101,108,100,107,97,124,32.1,31.5
295,Zion Williamson,24,NOP,PF,30,30,857,0.567,0.576,0.231,0.57,0.656,0.6,0.474,0.026,121,106,64,105,84,104,195,6,27.2,29.4
296,Khris Middleton,33,2TM,SF,37,21,843,0.475,0.549,0.361,0.546,0.857,0.588,0.249,0.395,102,101,100,101,110,102,103,94,1.9,9
296,Khris Middleton,33,MIL,SF,23,7,534,0.512,0.584,0.407,0.595,0.848,0.627,0.218,0.408,110,107,113,110,109,109,90,97,21.8,23.5
296,Khris Middleton,33,WAS,SF,14,14,309,0.413,0.494,0.277,0.464,0.868,0.526,0.302,0.373,88,91,77,85,111,91,124,89,-19.9,-14.5
297,KJ Simpson,22,CHO,PG,36,15,842,0.346,0.415,0.254,0.4,0.82,0.437,0.166,0.432,74,76,70,74,105,76,68,103,-85.9,-90.2
298,Shake Milton,28,2TM,SG,57,2,837,0.453,0.52,0.358,0.528,0.797,0.563,0.232,0.417,97,95,100,97,102,98,96,99,-7.9,-7.7
298,Shake Milton,28,BRK,SG,27,1,492,0.465,0.529,0.389,0.554,0.758,0.58,0.21,0.459,100,97,108,102,97,101,87,109,3.5,1.3
298,Shake Milton,28,LAL,SG,30,1,345,0.433,0.508,0.294,0.485,0.846,0.535,0.268,0.351,93,93,82,89,109,93,110,83,-11.4,-9
299,Dereck Lively II,20,DAL,C,36,29,833,0.702,0.702,,0.702,0.63,0.704,0.382,0,150,129,,129,81,122,157,0,60.5,56.9
300,Garrison Mathews,28,ATL,SG,47,2,830,0.397,0.436,0.39,0.562,0.821,0.606,0.304,0.848,85,80,108,104,105,105,125,201,9.9,17.3
301,Cam Whitmore,20,HOU,SF,51,3,827,0.444,0.518,0.355,0.525,0.75,0.549,0.179,0.454,95,95,99,97,96,95,74,108,-14.7,-23.9
302,Ryan Rollins,22,MIL,PG,56,19,820,0.487,0.55,0.408,0.577,0.8,0.6,0.166,0.443,104,101,113,106,103,104,68,105,18.7,13.9
303,Marcus Sasser,24,DET,PG,57,1,811,0.463,0.549,0.382,0.561,0.843,0.589,0.172,0.514,99,101,106,103,108,102,71,122,10.5,8
304,Steven Adams,31,HOU,C,58,3,794,0.545,0.552,0,0.545,0.462,0.541,0.557,0.012,117,101,0,100,59,94,229,3,0.6,-14.6
305,Aaron Holiday,28,HOU,PG,62,3,792,0.437,0.517,0.398,0.571,0.829,0.594,0.153,0.675,93,95,110,105,106,103,63,160,14.9,10.4
306,Karlo Matković,23,NOP,PF,42,7,791,0.574,0.675,0.318,0.619,0.773,0.639,0.187,0.281,123,124,88,114,99,111,77,67,35.8,31.9
307,Caleb Houstan,22,ORL,SF,58,6,788,0.421,0.533,0.4,0.589,0.882,0.605,0.089,0.842,90,98,111,109,113,105,37,200,17.6,11.4
308,Vasilije Micić,31,2TM,PG,41,16,785,0.348,0.338,0.36,0.43,0.829,0.462,0.15,0.458,74,62,100,79,106,80,62,109,-61.5,-66.4
308,Vasilije Micić,31,CHO,PG,36,16,764,0.348,0.338,0.36,0.43,0.829,0.462,0.15,0.458,74,62,100,79,106,80,62,109,-61.5,-66.4
308,Vasilije Micić,31,PHO,PG,5,0,21,,,,,,,,,,,,,,,,,0,0
309,Jaylin Williams,22,OKC,PF,47,9,784,0.439,0.529,0.399,0.577,0.767,0.594,0.136,0.692,94,97,111,106,98,103,56,164,15,8.1
310,Pelle Larsson,23,MIA,SG,55,8,782,0.438,0.528,0.337,0.517,0.672,0.546,0.3,0.468,94,97,94,95,86,95,124,111,-10.5,-13.9
311,Cam Thomas,23,BRK,SG,25,23,781,0.438,0.506,0.349,0.513,0.881,0.575,0.333,0.43,94,93,97,95,113,100,137,102,-27.1,-0.7
312,Lindy Waters III,27,2TM,SG,52,9,778,0.369,0.444,0.344,0.498,0.727,0.504,0.044,0.747,79,82,96,92,93,88,18,177,-22.5,-36.5
312,Lindy Waters III,27,GSW,SG,38,9,655,0.371,0.474,0.331,0.49,0.727,0.498,0.054,0.722,79,87,92,90,93,86,22,171,-21.7,-32.8
312,Lindy Waters III,27,DET,SG,14,0,123,0.364,0.167,0.395,0.534,,0.534,0,0.864,78,31,110,98,,93,0,205,-0.8,-3.7
313,Lonzo Ball,27,CHI,PG,35,14,777,0.366,0.458,0.344,0.504,0.815,0.524,0.111,0.802,78,84,95,93,104,91,46,191,-18.9,-26.7
314,Orlando Robinson,24,2TM,C,44,8,770,0.444,0.474,0.327,0.477,0.771,0.519,0.268,0.199,95,87,91,88,99,90,110,47,-34.5,-33.2
314,Orlando Robinson,24,SAC,C,9,0,57,0.412,0.5,0.2,0.441,0.571,0.473,0.412,0.294,88,92,56,81,73,82,170,70,-3.5,-4.1
314,Orlando Robinson,24,TOR,C,35,8,713,0.447,0.472,0.34,0.48,0.794,0.523,0.258,0.193,96,87,95,88,102,91,106,46,-31,-29.1
315,Eric Gordon,36,PHI,SG,39,13,768,0.426,0.463,0.409,0.564,0.75,0.591,0.235,0.672,91,85,113,104,96,103,97,159,8.4,6.6
316,Gui Santos,22,GSW,PF,56,2,762,0.458,0.632,0.33,0.553,0.69,0.575,0.235,0.575,98,116,92,102,89,100,97,137,3.6,-0.6
317,Landry Shamet,27,NYK,SG,50,0,762,0.461,0.595,0.397,0.596,0.667,0.601,0.078,0.678,99,109,110,110,85,104,32,161,24.2,11.8
318,Svi Mykhailiuk,27,UTA,SF,38,13,760,0.391,0.485,0.345,0.507,0.8,0.526,0.116,0.672,84,89,96,93,103,91,48,160,-22,-31.8
319,Andre Drummond,31,PHI,C,40,23,751,0.5,0.533,0.15,0.506,0.622,0.535,0.385,0.085,107,98,42,93,80,93,158,20,-17.2,-22.3
320,Jabari Walker,22,POR,SF,60,1,749,0.515,0.573,0.389,0.576,0.69,0.601,0.31,0.314,110,105,108,106,88,104,128,75,15.3,13.1
321,Jay Huff,26,MEM,C,64,2,748,0.515,0.724,0.405,0.648,0.786,0.666,0.184,0.656,110,133,112,119,101,116,76,156,63.7,59.1
322,Drew Eubanks,27,2TM,C,61,4,746,0.593,0.596,0.5,0.601,0.662,0.622,0.366,0.031,127,109,139,111,85,108,151,7,22.3,20.4
322,Drew Eubanks,27,UTA,C,37,4,568,0.607,0.607,0.6,0.617,0.632,0.632,0.393,0.034,130,111,167,114,81,110,162,8,21.5,19
322,Drew Eubanks,27,LAC,C,24,0,178,0.551,0.563,0,0.551,0.786,0.589,0.286,0.02,118,103,0,101,101,102,118,5,0.8,1.4
323,Talen Horton-Tucker,24,CHI,SG,58,0,724,0.457,0.544,0.336,0.527,0.735,0.567,0.337,0.419,98,100,93,97,94,98,139,100,-9.1,-6
324,Gary Harris,30,ORL,SG,48,3,711,0.383,0.469,0.356,0.519,0.583,0.524,0.09,0.759,82,86,99,96,75,91,37,180,-6.5,-14.4
325,Micah Potter,26,UTA,C,38,10,705,0.422,0.703,0.316,0.537,0.85,0.563,0.148,0.726,90,129,88,99,109,98,61,172,-1.6,-3.7
326,Jett Howard,21,ORL,SF,60,0,701,0.374,0.566,0.296,0.479,0.696,0.491,0.088,0.71,80,104,82,88,89,85,36,169,-33.6,-46.6
327,DeAndre Jordan,36,DEN,C,56,5,691,0.65,0.65,,0.65,0.422,0.621,0.457,0,139,119,,120,54,108,188,0,29.9,15.2
328,Quinten Post,24,GSW,PF,42,14,686,0.449,0.526,0.408,0.582,0.778,0.595,0.099,0.653,96,97,113,107,100,103,41,155,21.4,10.6
329,Blake Wesley,21,SAS,SG,58,0,683,0.435,0.5,0.293,0.481,0.623,0.51,0.328,0.312,93,92,81,89,80,88,135,74,-23,-28.3
330,Sandro Mamukelashvili,25,SAS,PF,61,0,681,0.502,0.675,0.373,0.609,0.741,0.628,0.206,0.573,107,124,103,112,95,109,85,136,36.8,31.8
331,Marcus Smart,30,2TM,PG,34,7,680,0.393,0.448,0.348,0.488,0.761,0.529,0.276,0.549,84,82,96,90,98,92,114,130,-28.1,-27.2
331,Marcus Smart,30,MEM,PG,19,6,400,0.358,0.414,0.322,0.456,0.833,0.504,0.243,0.608,77,76,89,84,107,87,100,144,-25.7,-23.8
331,Marcus Smart,30,WAS,PG,15,1,280,0.44,0.483,0.392,0.532,0.686,0.563,0.321,0.468,94,89,109,98,88,98,132,111,-2.4,-3.4
332,Jalen Pickett,25,DEN,SG,49,4,666,0.428,0.468,0.396,0.539,0.75,0.545,0.044,0.561,92,86,110,99,96,95,18,133,-1.5,-11.5
333,Tosan Evbuomwan,23,BRK,SF,28,0,665,0.427,0.49,0.312,0.482,0.753,0.53,0.332,0.35,91,90,87,89,97,92,137,83,-26.9,-23.5
334,Antonio Reeves,24,NOP,SG,44,6,660,0.456,0.521,0.395,0.558,0.8,0.579,0.141,0.52,98,96,110,103,103,100,58,124,7.6,1.5
335,Kyle Lowry,38,PHI,PG,35,12,659,0.35,0.414,0.33,0.474,0.818,0.525,0.282,0.752,75,76,91,87,105,91,116,179,-16.1,-13.6
336,Reed Sheppard,20,HOU,PG,52,3,654,0.351,0.371,0.338,0.452,0.813,0.465,0.067,0.594,75,68,94,83,104,81,28,141,-43.6,-54.5
337,Herbert Jones,26,NOP,SF,20,20,648,0.436,0.53,0.306,0.5,0.825,0.541,0.233,0.419,93,97,85,92,106,94,96,99,-14.8,-13.5
338,AJ Johnson,20,2TM,SG,29,11,639,0.385,0.472,0.267,0.441,0.865,0.48,0.174,0.423,82,87,74,81,111,83,72,100,-43.3,-44.2
338,AJ Johnson,20,MIL,SG,7,0,44,0.421,0.357,0.6,0.5,0.5,0.503,0.105,0.263,90,66,167,92,64,87,43,62,-1.6,-2.9
338,AJ Johnson,20,WAS,SG,22,11,595,0.381,0.486,0.247,0.436,0.886,0.478,0.18,0.438,82,89,69,80,114,83,74,104,-41.7,-41.3
339,Maxi Kleber,33,DAL,PF,34,4,637,0.385,0.511,0.265,0.453,0.762,0.489,0.219,0.51,82,94,74,83,98,85,90,121,-17.3,-18.3
340,Delon Wright,32,2TM,PG,40,7,635,0.344,0.431,0.274,0.42,0.6,0.44,0.191,0.557,74,79,76,77,77,76,79,132,-32.3,-38.6
340,Delon Wright,32,MIL,PG,26,2,405,0.268,0.303,0.245,0.341,0.563,0.365,0.195,0.598,57,56,68,63,72,63,80,142,-33.1,-37.6
340,Delon Wright,32,NYK,PG,14,5,230,0.469,0.6,0.333,0.551,0.667,0.566,0.184,0.49,100,110,93,101,85,98,76,116,0.8,-1
341,Jericho Sims,26,2TM,C,53,5,632,0.634,0.634,,0.634,0.615,0.639,0.183,0,136,116,,117,79,111,75,0,12.8,9.6
341,Jericho Sims,26,NYK,C,39,5,422,0.609,0.609,,0.609,0.615,0.619,0.283,0,130,112,,112,79,107,116,0,6,4.4
341,Jericho Sims,26,MIL,C,14,0,210,0.68,0.68,,0.68,,0.68,0,0,146,125,,125,,118,0,0,6.8,5.2
342,Josh Okogie,26,2TM,SG,40,7,625,0.443,0.517,0.348,0.519,0.741,0.567,0.401,0.434,95,95,97,96,95,98,165,103,-10.2,-4.4
342,Josh Okogie,26,PHO,SG,25,1,351,0.491,0.556,0.381,0.561,0.688,0.586,0.281,0.368,105,102,106,103,88,102,116,87,4.2,2.4
342,Josh Okogie,26,CHO,SG,15,6,274,0.388,0.458,0.32,0.469,0.774,0.548,0.541,0.51,83,84,89,86,99,95,223,121,-14.4,-6.8
343,Jeff Dowtin,27,PHI,PG,41,3,621,0.487,0.525,0.4,0.548,0.733,0.57,0.196,0.304,104,96,111,101,94,99,81,72,2.2,-2.9
344,Daniel Theis,32,NOP,C,38,9,621,0.473,0.565,0.243,0.508,0.838,0.558,0.287,0.287,101,104,68,93,107,97,118,68,-9.1,-5.4
345,Cory Joseph,33,ORL,PG,50,16,612,0.403,0.489,0.364,0.529,0.778,0.547,0.117,0.695,86,90,101,97,100,95,48,165,-4.3,-9.6
346,Zeke Nnaji,24,DEN,PF,57,4,608,0.496,0.596,0.327,0.557,0.614,0.574,0.312,0.369,106,109,91,103,79,100,128,88,3.9,-0.8
347,Kessler Edwards,24,DAL,SF,40,18,608,0.496,0.556,0.407,0.578,0.923,0.597,0.096,0.4,106,102,113,106,118,104,40,95,9.4,5.8
348,Pat Connaughton,32,MIL,SG,41,1,603,0.469,0.594,0.321,0.542,0.774,0.567,0.175,0.458,100,109,89,100,99,98,72,109,-0.2,-3.7
349,Ajay Mitchell,22,OKC,SG,36,1,597,0.495,0.548,0.383,0.557,0.829,0.587,0.19,0.326,106,101,106,103,106,102,78,77,5.2,4.2
350,Brandon Ingram,27,NOP,SF,18,18,595,0.465,0.514,0.374,0.53,0.855,0.56,0.165,0.345,100,94,104,98,110,97,68,82,-8.7,-11.6
351,Jared McCain,20,PHI,SG,23,8,592,0.46,0.532,0.383,0.553,0.875,0.589,0.204,0.485,98,98,106,102,112,102,84,115,5.4,7.9
352,Cam Reddish,25,LAL,SF,33,8,589,0.404,0.532,0.277,0.473,0.615,0.498,0.277,0.5,87,98,77,87,79,86,114,119,-13.1,-16.5
353,Jae'Sean Tate,29,HOU,SF,52,2,588,0.473,0.529,0.348,0.527,0.681,0.557,0.318,0.311,101,97,97,97,87,97,131,74,-4.7,-6.4
354,Olivier-Maxence Prosper,22,DAL,PF,52,4,584,0.402,0.472,0.235,0.437,0.645,0.484,0.437,0.293,86,87,65,80,83,84,180,70,-37,-38
355,Jarred Vanderbilt,25,LAL,PF,36,2,581,0.488,0.562,0.281,0.525,0.556,0.537,0.298,0.264,104,103,78,97,71,93,123,63,-4.4,-10.7
356,Joel Embiid,30,PHI,C,19,19,574,0.444,0.492,0.299,0.481,0.882,0.58,0.537,0.244,95,90,83,89,113,101,221,58,-39.1,3.3
357,Monte Morris,29,PHO,PG,45,0,571,0.426,0.477,0.36,0.505,0.857,0.546,0.215,0.441,91,88,100,93,110,95,89,105,-14.8,-13
358,Moritz Wagner,27,ORL,C,30,1,564,0.562,0.649,0.36,0.616,0.718,0.649,0.442,0.301,120,119,100,114,92,113,182,72,36.6,43.3
359,Malcolm Brogdon,32,WAS,PG,24,13,564,0.433,0.478,0.286,0.467,0.88,0.544,0.383,0.233,93,88,79,86,113,94,158,55,-36.7,-18.2
360,John Konchar,28,MEM,SG,46,4,558,0.451,0.621,0.371,0.577,0.875,0.592,0.088,0.681,96,114,103,106,112,103,36,162,6.2,3.1
361,Dwight Powell,33,DAL,C,55,3,551,0.689,0.714,0.4,0.705,0.651,0.713,0.705,0.082,147,131,111,130,84,124,290,19,19.7,21.9
362,Dillon Jones,23,OKC,SF,54,3,551,0.383,0.5,0.254,0.444,0.607,0.464,0.211,0.474,82,92,71,82,78,81,87,112,-26.5,-32.5
363,Jordan Goodwin,26,LAL,PG,29,5,543,0.438,0.487,0.382,0.528,0.818,0.541,0.076,0.472,94,89,106,97,105,94,31,112,-4.4,-10.5
364,Richaun Holmes,31,WAS,PF,31,7,534,0.647,0.662,0,0.647,0.833,0.695,0.432,0.022,139,121,0,119,107,121,178,5,29,39.4
365,Mouhamed Gueye,22,ATL,PF,33,28,533,0.421,0.567,0.259,0.482,0.762,0.52,0.246,0.474,90,104,72,89,98,90,101,112,-20.7,-21.4
366,Bismack Biyombo,32,SAS,C,28,26,528,0.588,0.588,,0.588,0.4,0.576,0.219,0,126,108,,108,51,100,90,0,10.2,0
367,Jaylen Clark,23,MIN,SG,40,4,522,0.467,0.493,0.431,0.558,0.784,0.598,0.308,0.425,100,90,120,103,101,104,127,101,3.7,6
368,Rob Dillingham,20,MIN,PG,49,1,516,0.441,0.496,0.338,0.5,0.533,0.503,0.071,0.351,94,91,94,92,68,87,29,83,-18.2,-31.8
369,Colby Jones,22,2TM,SG,39,0,515,0.457,0.538,0.327,0.519,0.657,0.544,0.271,0.38,98,99,91,96,84,94,112,90,-6.1,-9.4
369,Colby Jones,22,SAC,SG,24,0,130,0.423,0.438,0.4,0.5,,0.5,0,0.385,91,80,111,92,,87,0,91,-2.2,-4
369,Colby Jones,22,WAS,SG,15,0,385,0.466,0.563,0.308,0.524,0.657,0.553,0.34,0.379,100,103,85,97,84,96,140,90,-3.9,-5.4
370,Craig Porter Jr.,24,CLE,PG,51,1,513,0.514,0.554,0.438,0.589,0.719,0.61,0.229,0.343,110,102,121,109,92,106,94,81,12.9,10.4
371,Tristan Vukcevic,21,WAS,C,35,1,513,0.496,0.586,0.373,0.574,0.776,0.608,0.277,0.421,106,107,103,106,100,105,114,100,15.2,17.2
372,Elfrid Payton,30,2TM,PG,24,9,511,0.328,0.336,0.167,0.332,0.571,0.34,0.057,0.049,70,62,46,61,73,59,24,12,-51.5,-59.1
372,Elfrid Payton,30,NOP,PG,18,7,388,0.366,0.379,0.167,0.371,0.571,0.38,0.069,0.059,78,70,46,68,73,66,29,14,-34.7,-40.9
372,Elfrid Payton,30,CHO,PG,6,2,123,0.143,0.143,,0.143,,0.143,0,0,31,26,,26,,25,0,0,-16.8,-18.2
373,Jamal Cain,25,NOP,SF,37,0,502,0.43,0.538,0.325,0.513,0.68,0.544,0.316,0.506,92,99,90,94,87,94,130,120,-9.6,-11.4
374,Keaton Wallace,25,ATL,PG,31,5,501,0.401,0.475,0.329,0.485,1,0.503,0.068,0.506,86,87,91,89,128,87,28,120,-19,-24.3
375,Jock Landale,29,HOU,C,42,3,500,0.533,0.556,0.423,0.569,0.675,0.59,0.263,0.171,114,102,117,105,87,102,108,41,7.9,4.6
376,Vince Williams Jr.,24,MEM,SG,27,5,499,0.401,0.569,0.274,0.479,0.792,0.504,0.144,0.569,86,104,76,88,102,87,59,135,-21.4,-25.6
377,Wendell Moore Jr.,23,2TM,SG,36,1,499,0.468,0.529,0.341,0.524,0.818,0.553,0.175,0.325,100,97,95,96,105,96,72,77,-4.8,-6.3
377,Wendell Moore Jr.,23,DET,SG,20,1,219,0.46,0.528,0.286,0.5,0.929,0.561,0.28,0.28,98,97,79,92,119,97,115,66,-4.3,-1.7
377,Wendell Moore Jr.,23,CHO,SG,16,0,280,0.474,0.531,0.37,0.539,0.625,0.547,0.105,0.355,101,97,103,99,80,95,43,84,-0.5,-4.6
378,Brandon Williams,25,DAL,PG,33,3,487,0.521,0.578,0.4,0.585,0.833,0.634,0.351,0.319,112,106,111,108,107,110,145,76,15.8,24.9
379,A.J. Lawson,24,TOR,SG,26,2,486,0.421,0.528,0.327,0.508,0.683,0.542,0.332,0.532,90,97,91,94,88,94,137,126,-13.4,-14.9
380,Grant Williams,26,CHO,PF,16,7,479,0.439,0.551,0.365,0.549,0.838,0.596,0.301,0.602,94,101,101,101,107,103,124,143,1.4,5.5
381,Lonnie Walker IV,26,PHI,SG,20,7,477,0.42,0.518,0.354,0.526,0.8,0.548,0.142,0.599,90,95,98,97,103,95,58,142,-7.3,-12.5
382,Duop Reath,28,POR,C,46,0,469,0.422,0.6,0.321,0.524,0.909,0.552,0.133,0.639,90,110,89,97,117,96,55,152,-6.3,-8.4
383,Reece Beekman,23,2TM,PG,36,4,469,0.327,0.418,0.175,0.36,0.762,0.4,0.196,0.374,70,77,49,66,98,69,81,89,-39.2,-41
383,Reece Beekman,23,GSW,PG,2,0,4,1,1,,1,,1,0,0,214,183,,184,,174,0,0,0.9,0.8
383,Reece Beekman,23,BRK,PG,34,4,465,0.321,0.409,0.175,0.354,0.762,0.395,0.198,0.377,69,75,49,65,98,69,82,90,-40.1,-41.8
384,Kai Jones,24,2TM,C,40,6,468,0.798,0.827,0.2,0.803,0.719,0.804,0.294,0.046,171,152,56,148,92,140,121,11,56.6,56.1
384,Kai Jones,24,LAC,C,28,0,208,0.722,0.765,0,0.722,0.75,0.739,0.333,0.056,155,140,0,133,96,128,137,13,12.9,13.4
384,Kai Jones,24,DAL,C,12,6,260,0.836,0.857,0.333,0.842,0.7,0.837,0.274,0.041,179,157,93,155,90,145,113,10,43.7,42.7
385,Larry Nance Jr.,32,ATL,PF,24,3,463,0.516,0.582,0.447,0.626,0.692,0.632,0.084,0.49,110,107,124,115,89,110,35,116,25.6,17.8
386,Collin Gillespie,25,PHO,PG,33,9,461,0.43,0.426,0.433,0.554,0.864,0.578,0.139,0.57,92,78,120,102,111,100,57,135,3.4,0.8
387,Rayan Rupert,20,POR,SG,52,0,460,0.408,0.506,0.271,0.465,0.767,0.499,0.211,0.415,87,93,75,86,98,87,87,99,-22.2,-23.8
388,GG Jackson II,20,MEM,PF,29,3,459,0.372,0.404,0.337,0.452,0.725,0.482,0.201,0.477,80,74,94,83,93,84,83,113,-36.1,-40.6
389,Jaylon Tyson,22,CLE,SG,47,3,453,0.43,0.484,0.345,0.497,0.792,0.523,0.161,0.389,92,89,96,91,102,91,66,92,-13.8,-16.9
390,Bol Bol,25,PHO,PF,36,10,448,0.525,0.711,0.344,0.612,0.769,0.627,0.142,0.508,112,130,96,113,99,109,59,121,25.2,19.9
391,Paul Reed,25,DET,C,45,0,438,0.507,0.561,0.286,0.535,0.762,0.573,0.296,0.197,109,103,79,99,98,99,122,47,-2.2,-0.9
392,Colin Castleton,24,3TM,C,26,4,432,0.469,0.537,0.125,0.48,0.763,0.536,0.388,0.163,100,98,35,88,98,93,160,39,-12.5,-9.2
392,Colin Castleton,24,MEM,C,10,0,46,0.2,0.333,0,0.2,0.909,0.472,1.1,0.4,43,61,0,37,117,82,453,95,-6.9,-3.1
392,Colin Castleton,24,TOR,C,11,4,288,0.5,0.536,0.25,0.516,0.722,0.549,0.281,0.125,107,98,69,95,93,95,116,30,-3.5,-3.9
392,Colin Castleton,24,PHI,C,5,0,98,0.5,0.6,0,0.5,0.667,0.536,0.375,0.167,107,110,0,92,85,93,154,40,-2.1,-2.2
393,Trevelin Queen,27,ORL,SG,31,2,430,0.381,0.486,0.286,0.456,0.857,0.486,0.143,0.524,82,89,79,84,110,84,59,124,-25.7,-28
394,Malaki Branham,21,SAS,SG,47,0,427,0.458,0.5,0.405,0.547,0.818,0.575,0.174,0.442,98,92,112,101,105,100,72,105,1.6,-0.7
395,Jordan Miller,25,LAC,SF,37,0,420,0.433,0.521,0.211,0.463,0.8,0.509,0.261,0.284,93,96,58,85,103,88,108,67,-21.5,-20.2
396,Mo Bamba,26,2TM,C,32,2,413,0.464,0.638,0.278,0.531,0.704,0.557,0.241,0.482,99,117,77,98,90,97,99,114,-2.7,-4.8
396,Mo Bamba,26,LAC,C,28,2,352,0.466,0.623,0.3,0.539,0.68,0.561,0.243,0.485,100,114,83,99,87,97,100,115,-0.9,-3.4
396,Mo Bamba,26,NOP,C,4,0,61,0.444,0.8,0,0.444,1,0.506,0.222,0.444,95,147,0,82,128,88,92,106,-1.8,-1.4
397,David Roddy,23,3TM,PF,33,3,410,0.456,0.594,0.311,0.532,0.769,0.561,0.208,0.488,98,109,86,98,99,97,86,116,-2.7,-4.2
397,David Roddy,23,ATL,PF,27,3,346,0.473,0.56,0.372,0.559,0.818,0.594,0.237,0.462,101,103,103,103,105,103,97,110,3,3.7
397,David Roddy,23,PHI,PF,3,0,29,0.421,0.75,0.182,0.474,,0.474,0,0.579,90,138,50,87,,82,0,137,-2.6,-3.9
397,David Roddy,23,HOU,PF,3,0,35,0.385,0.667,0.143,0.423,0.5,0.44,0.308,0.538,82,122,40,78,64,76,127,128,-3.1,-4
398,Taj Gibson,39,CHO,C,37,11,409,0.495,0.495,0.5,0.5,0.6,0.515,0.211,0.021,106,91,139,92,77,89,87,5,-8.2,-12.6
399,Ousmane Dieng,21,OKC,C,37,1,405,0.432,0.574,0.324,0.524,0.688,0.538,0.128,0.568,92,105,90,96,88,93,53,135,-4.8,-10.2
400,Jordan Walsh,20,BOS,PF,52,1,403,0.361,0.536,0.273,0.452,0.583,0.464,0.145,0.663,77,98,76,83,75,81,60,157,-15.1,-19.7
401,Hunter Tyson,24,DEN,PF,51,2,400,0.375,0.478,0.311,0.471,0.75,0.506,0.233,0.617,80,88,86,87,96,88,96,146,-17.3,-18.5
402,Anthony Gill,32,WAS,PF,51,0,397,0.489,0.579,0.323,0.545,0.66,0.586,0.568,0.352,105,106,90,100,85,102,234,84,0.4,2.2
403,Devin Carter,22,SAC,PG,36,0,396,0.37,0.439,0.295,0.441,0.591,0.471,0.346,0.48,79,81,82,81,76,82,143,114,-25.9,-30.7
404,Jeff Green,38,HOU,PF,32,3,396,0.504,0.762,0.367,0.624,0.808,0.649,0.215,0.653,108,140,102,115,104,113,88,155,19.6,19.4
405,Trey Jemison,25,2TM,C,38,0,392,0.554,0.554,,0.554,0.394,0.537,0.446,0,119,102,,102,51,93,184,0,1.6,-7
405,Trey Jemison,25,NOP,C,16,0,166,0.469,0.469,,0.469,0.381,0.461,0.656,0,100,86,,86,49,80,270,0,-4.8,-9.5
405,Trey Jemison,25,LAL,C,22,0,226,0.619,0.619,,0.619,0.417,0.603,0.286,0,132,114,,114,53,105,118,0,6.4,2.5
406,Reggie Jackson,34,PHI,PG,31,1,384,0.391,0.458,0.338,0.485,0.778,0.496,0.068,0.556,84,84,94,89,100,86,28,132,-15.5,-21.8
407,Baylor Scheierman,24,BOS,SG,31,2,384,0.355,0.464,0.317,0.473,0.75,0.49,0.109,0.745,76,85,88,87,96,85,45,177,-15.5,-19.8
408,Quenton Jackson,26,IND,PG,28,7,381,0.475,0.524,0.375,0.537,0.775,0.58,0.328,0.328,102,96,104,99,99,101,135,78,-1.5,1.1
409,Alex Len,31,2TM,C,46,7,380,0.508,0.556,0.222,0.524,0.471,0.525,0.27,0.143,109,102,62,96,60,91,111,34,-2.4,-7.2
409,Alex Len,31,SAC,C,36,3,258,0.537,0.6,0.167,0.549,0.538,0.557,0.317,0.146,115,110,46,101,69,97,131,35,0.5,-1.8
409,Alex Len,31,LAL,C,10,4,122,0.455,0.474,0.333,0.477,0.25,0.463,0.182,0.136,97,87,93,88,32,80,75,32,-2.9,-5.4
410,Johnny Furphy,20,IND,SG,50,0,379,0.38,0.476,0.3,0.462,0.818,0.506,0.239,0.543,81,87,83,85,105,88,98,129,-14.9,-14.2
411,Charles Bassey,24,SAS,C,36,1,376,0.581,0.581,,0.581,0.636,0.597,0.282,0,124,107,,107,82,104,116,0,8.9,5.4
412,Dominick Barlow,21,ATL,SF,35,4,375,0.531,0.616,0.259,0.562,0.636,0.58,0.292,0.239,114,113,72,103,82,101,120,57,4.3,1
413,Dante Exum,29,DAL,PG,20,13,372,0.478,0.506,0.434,0.563,0.742,0.589,0.231,0.396,102,93,120,104,95,102,95,94,5.5,3.9
414,Damion Baugh,24,CHO,SG,15,2,370,0.323,0.405,0.214,0.369,0.867,0.399,0.115,0.431,69,74,59,68,111,69,48,102,-45.2,-48.4
415,Jaden Springer,22,2TM,SG,43,2,365,0.389,0.548,0.25,0.456,0.711,0.511,0.422,0.533,83,100,69,84,91,89,174,127,-15.7,-14
415,Jaden Springer,22,BOS,SG,26,0,141,0.353,0.4,0.316,0.441,0.714,0.52,0.618,0.559,76,73,88,81,92,90,254,133,-6.9,-4.8
415,Jaden Springer,22,UTA,PG,17,2,224,0.411,0.63,0.207,0.464,0.706,0.504,0.304,0.518,88,116,57,85,91,87,125,123,-8.8,-9.2
416,Robert Williams,27,POR,C,20,3,351,0.641,0.653,0.333,0.647,0.882,0.679,0.218,0.038,137,120,93,119,113,118,90,9,16.3,17.5
417,Doug McDermott,33,SAC,SF,42,3,342,0.427,0.375,0.436,0.615,0.6,0.617,0.043,0.863,91,69,121,113,77,107,18,205,16.9,9.6
418,Christian Koloko,24,LAL,C,37,0,342,0.606,0.645,0,0.606,0.714,0.624,0.212,0.061,130,118,0,112,92,108,87,14,8.3,6.8
419,Terrence Shannon Jr.,24,MIN,SG,32,1,339,0.482,0.53,0.355,0.531,0.81,0.56,0.184,0.272,103,97,99,98,104,97,76,65,-2.8,-4
420,Keion Brooks Jr.,24,NOP,SF,14,6,332,0.486,0.591,0.326,0.55,0.733,0.581,0.275,0.394,104,108,90,101,94,101,113,94,1.6,1.2
421,Tristan Thompson,33,CLE,C,40,0,328,0.437,0.456,0,0.437,0.233,0.41,0.423,0.042,93,84,0,80,30,71,174,10,-15.1,-28
422,Maxwell Lewis,22,2TM,SF,28,1,327,0.417,0.448,0.38,0.505,0.7,0.516,0.093,0.463,89,82,105,93,90,90,38,110,-8.3,-13.5
422,Maxwell Lewis,22,LAL,SF,7,0,29,0.333,0.333,,0.333,,0.333,0,0,71,61,,61,,58,0,0,-2.5,-2.9
422,Maxwell Lewis,22,BRK,SF,21,1,298,0.422,0.462,0.38,0.515,0.7,0.526,0.098,0.49,90,85,105,95,90,91,40,116,-5.8,-10.6
423,Jevon Carter,29,CHI,PG,36,1,321,0.377,0.488,0.333,0.497,0.8,0.509,0.068,0.719,81,89,93,91,103,88,28,171,-13.6,-20.3
424,Patty Mills,36,2TM,PG,29,0,321,0.375,0.476,0.347,0.51,0.929,0.543,0.146,0.781,80,87,96,94,119,94,60,186,-6.2,-6.7
424,Patty Mills,36,UTA,PG,17,0,260,0.342,0.474,0.298,0.454,1,0.473,0.066,0.75,73,87,83,84,128,82,27,178,-13.5,-16.1
424,Patty Mills,36,LAC,PG,12,0,61,0.5,0.5,0.5,0.725,0.889,0.772,0.45,0.9,107,92,139,134,114,134,185,214,7.3,9.4
425,Tre Mann,23,CHO,PG,13,0,319,0.435,0.455,0.4,0.509,0.905,0.537,0.13,0.373,93,84,111,94,116,93,54,88,-10.9,-13.2
426,Jalen Hood-Schifino,21,2TM,SG,15,0,315,0.378,0.442,0.304,0.449,0.857,0.494,0.214,0.469,81,81,84,83,110,86,88,111,-18.5,-17.6
426,Jalen Hood-Schifino,21,LAL,SG,2,0,14,1,1,,1,1,1.064,2,0,214,183,,184,128,185,824,0,0.9,1.8
426,Jalen Hood-Schifino,21,PHI,SG,13,0,301,0.371,0.431,0.304,0.443,0.842,0.484,0.196,0.474,79,79,84,82,108,84,81,113,-19.4,-19.4
427,Torrey Craig,34,2TM,SF,26,4,314,0.422,0.583,0.364,0.556,0.667,0.567,0.133,0.733,90,107,101,102,85,98,55,174,2.2,-1.8
427,Torrey Craig,34,CHI,SF,9,1,113,0.489,0.7,0.429,0.656,0.75,0.663,0.089,0.778,105,128,119,121,96,115,37,185,10.1,8.1
427,Torrey Craig,34,BOS,SF,17,3,201,0.356,0.5,0.29,0.456,0.625,0.474,0.178,0.689,76,92,81,84,80,82,73,164,-7.9,-9.9
428,Jordan McLaughlin,28,2TM,PG,46,0,314,0.431,0.462,0.413,0.563,0.773,0.6,0.306,0.639,92,85,115,104,99,104,126,152,2.8,3.9
428,Jordan McLaughlin,28,SAC,PG,28,0,190,0.364,0.333,0.385,0.477,0.688,0.519,0.364,0.591,78,61,107,88,88,90,150,140,-5.8,-5.8
428,Jordan McLaughlin,28,SAS,PG,18,0,124,0.536,0.75,0.45,0.696,1,0.734,0.214,0.714,115,138,125,128,128,127,88,170,8.6,9.7
429,Matisse Thybulle,27,POR,SG,15,5,312,0.477,0.525,0.438,0.597,0.467,0.592,0.17,0.545,102,96,121,110,60,103,70,130,9.4,3
430,Isaac Jones,24,SAC,PF,40,0,304,0.651,0.68,0.375,0.669,0.639,0.678,0.434,0.096,139,125,104,123,82,118,179,23,20.9,20.1
431,Tyler Kolek,23,NYK,PG,41,0,296,0.329,0.371,0.298,0.415,0.765,0.453,0.207,0.573,70,68,83,76,98,79,85,136,-21.1,-22.1
432,Mitchell Robinson,26,NYK,C,17,3,290,0.661,0.661,,0.661,0.684,0.676,0.339,0,141,121,,122,88,117,140,0,13.2,12.8
433,Josh Minott,22,MIN,SF,46,0,276,0.489,0.638,0.326,0.567,0.895,0.605,0.211,0.478,105,117,90,104,115,105,87,113,4.2,5.7
434,Kobe Brown,25,LAC,PF,40,0,272,0.458,0.587,0.231,0.5,0.714,0.513,0.097,0.361,98,108,64,92,92,89,40,86,-6.2,-9.5
435,Dru Smith,27,MIA,SG,14,1,268,0.508,0.484,0.533,0.639,0.75,0.656,0.197,0.492,109,89,148,118,96,114,81,117,11.7,10.6
436,Isaiah Wong,24,CHO,SG,20,0,265,0.39,0.389,0.394,0.452,0.735,0.5,0.324,0.314,84,71,109,83,94,87,133,75,-19,-18.2
437,Marvin Bagley III,25,2TM,PF,31,2,265,0.519,0.598,0.158,0.533,0.657,0.56,0.33,0.179,111,110,44,98,84,97,136,43,-2.1,-3.9
437,Marvin Bagley III,25,WAS,C,19,1,166,0.535,0.59,0.2,0.549,0.652,0.573,0.324,0.141,115,108,56,101,84,99,133,33,0.9,-0.5
437,Marvin Bagley III,25,MEM,PF,12,1,99,0.486,0.615,0.111,0.5,0.667,0.534,0.343,0.257,104,113,31,92,85,93,141,61,-3,-3.4
438,Oscar Tshiebwe,25,UTA,C,14,1,255,0.6,0.6,,0.6,0.742,0.64,0.443,0,128,110,,110,95,111,182,0,8,10.6
439,Drew Timme,24,BRK,PF,9,2,254,0.441,0.537,0.257,0.485,0.625,0.5,0.157,0.343,94,99,71,89,80,87,65,81,-11.8,-16.7
440,Marcus Bagley,23,PHI,SF,10,4,253,0.391,0.595,0.156,0.428,0.8,0.456,0.145,0.464,84,109,43,79,103,79,60,110,-15.9,-17.6
441,Cam Spencer,24,MEM,SG,25,1,252,0.415,0.517,0.358,0.53,1,0.587,0.232,0.646,89,95,100,98,128,102,95,153,-2.1,1.9
442,Kevin Love,36,MIA,PF,23,9,251,0.357,0.354,0.358,0.461,0.696,0.488,0.2,0.583,76,65,99,85,89,85,82,138,-18.9,-22.2
443,Pat Spencer,28,GSW,PG,39,0,250,0.406,0.456,0.227,0.431,0.733,0.455,0.149,0.218,87,84,63,79,94,79,61,52,-22.7,-26
444,JT Thor,22,2TM,PF,20,0,249,0.424,0.5,0.286,0.475,0.682,0.517,0.373,0.356,91,92,79,87,87,90,154,85,-8.1,-8.1
444,JT Thor,22,CLE,PF,9,0,42,0.6,0.667,0.5,0.7,0.875,0.756,0.533,0.4,128,122,139,129,112,131,220,95,4.7,6.7
444,JT Thor,22,WAS,PF,11,0,207,0.364,0.448,0.2,0.398,0.571,0.429,0.318,0.341,78,82,56,73,73,74,131,81,-12.8,-14.8
445,Branden Carlson,25,OKC,C,32,0,246,0.443,0.677,0.333,0.557,0.778,0.581,0.186,0.68,95,124,93,103,100,101,76,162,2.6,1.1
446,Dariq Whitehead,20,BRK,SF,20,0,246,0.406,0.273,0.446,0.578,0.6,0.58,0.052,0.771,87,50,124,106,77,101,21,183,6.7,0.8
447,Johnny Davis,22,WAS,SG,34,0,242,0.41,0.51,0.241,0.455,0.6,0.473,0.192,0.372,88,94,67,84,77,82,79,88,-13.7,-17.5
448,Jaylen Martin,21,2TM,SF,16,0,239,0.419,0.471,0.304,0.466,0.9,0.497,0.135,0.311,90,86,84,86,115,86,56,74,-11.4,-12.3
448,Jaylen Martin,21,BRK,SF,3,0,5,0.5,0,1,0.75,,0.75,0,0.5,107,0,278,138,,130,0,119,0.8,0.7
448,Jaylen Martin,21,WAS,SF,13,0,234,0.417,0.48,0.273,0.458,0.9,0.491,0.139,0.306,89,88,76,84,115,85,57,73,-12.2,-13
449,Bones Hyland,24,2TM,PG,24,0,239,0.398,0.417,0.39,0.534,0.885,0.576,0.22,0.695,85,76,108,98,113,100,91,165,-2.2,-0.2
449,Bones Hyland,24,LAC,PG,20,0,222,0.391,0.4,0.388,0.526,0.885,0.569,0.226,0.696,84,73,108,97,113,99,93,165,-3.9,-1.7
449,Bones Hyland,24,MIN,PG,4,0,17,0.667,1,0.5,0.833,,0.833,0,0.667,143,183,139,153,,145,0,158,1.7,1.5
450,Xavier Tillman Sr.,26,BOS,C,33,2,231,0.245,0.381,0.156,0.292,0.75,0.31,0.075,0.604,52,70,43,54,96,54,31,143,-26.6,-29.1
451,Garrett Temple,38,TOR,SG,28,0,227,0.3,0.375,0.214,0.35,0.917,0.406,0.2,0.467,64,69,59,64,118,70,82,111,-23.2,-22.2
452,Jared Rhoden,25,2TM,SG,14,2,227,0.483,0.625,0.308,0.552,0.88,0.602,0.287,0.448,103,115,85,102,113,104,118,106,1.5,5.1
452,Jared Rhoden,25,CHO,SG,4,0,12,0.25,0.333,0,0.25,,0.25,0,0.25,54,61,0,46,,43,0,59,-4.7,-5.2
452,Jared Rhoden,25,TOR,SG,10,2,215,0.506,0.667,0.324,0.582,0.88,0.633,0.316,0.468,108,122,90,107,113,110,130,111,6.2,10.3
453,Luka Garza,26,MIN,C,39,0,219,0.495,0.609,0.278,0.543,0.686,0.573,0.333,0.343,106,112,77,100,88,99,137,81,0,-0.7
454,Ariel Hukporti,22,NYK,C,25,1,217,0.677,0.677,,0.677,0.462,0.654,0.419,0,145,124,,125,59,113,173,0,8.3,5.7
455,Alex Reese,25,2TM,PF,15,0,216,0.481,0.846,0.366,0.62,0.75,0.641,0.222,0.759,103,155,102,114,96,111,92,180,8.3,7.6
455,Alex Reese,25,OKC,PF,1,0,2,1,1,,1,,1,0,0,214,183,,184,,174,0,0,0.9,0.8
455,Alex Reese,25,PHI,PF,14,0,214,0.472,0.833,0.366,0.613,0.75,0.635,0.226,0.774,101,153,102,113,96,110,93,184,7.4,6.8
456,Dario Šarić,30,DEN,C,16,4,210,0.362,0.438,0.269,0.422,0.7,0.449,0.172,0.448,77,80,75,78,90,78,71,106,-14,-15.9
457,Adam Flagler,25,OKC,SG,37,0,203,0.26,0.458,0.194,0.333,0.5,0.335,0.021,0.75,56,84,54,61,64,58,9,178,-40.3,-46.6
458,Chuma Okeke,26,2TM,PF,9,3,196,0.5,0.75,0.393,0.638,0.667,0.641,0.075,0.7,107,138,109,117,85,111,31,166,7.6,5.4
458,Chuma Okeke,26,PHI,PF,7,3,171,0.545,0.727,0.455,0.697,0.667,0.699,0.091,0.667,117,133,126,128,85,121,37,158,10.2,8.5
458,Chuma Okeke,26,CLE,PF,2,0,25,0.286,1,0.167,0.357,,0.357,0,0.857,61,183,46,66,,62,0,204,-2.6,-3.1
459,Drew Peterson,25,BOS,PF,25,1,186,0.415,0.5,0.394,0.573,0.778,0.601,0.22,0.805,89,92,109,106,100,104,90,191,2.5,2.2
460,Markelle Fultz,26,SAC,PG,21,0,184,0.418,0.407,0.5,0.448,1,0.452,0.015,0.119,89,75,139,82,128,78,6,28,-12.8,-16.7
461,Lester Quiñones,24,2TM,SG,13,0,183,0.397,0.529,0.295,0.481,0.846,0.514,0.167,0.564,85,97,82,89,109,89,69,134,-9.7,-10.5
461,Lester Quiñones,24,PHI,SG,4,0,17,0.5,0.8,0,0.5,1,0.533,0.125,0.375,107,147,0,92,128,93,51,89,-0.7,-0.7
461,Lester Quiñones,24,NOP,SG,9,0,166,0.386,0.483,0.317,0.479,0.833,0.511,0.171,0.586,83,89,88,88,107,89,71,139,-9,-9.8
462,Bronny James,20,LAL,SG,27,1,181,0.313,0.343,0.281,0.381,0.786,0.424,0.209,0.478,67,63,78,70,101,74,86,113,-21.8,-22.3
463,Enrique Freeman,24,IND,PF,22,1,181,0.432,0.556,0.1,0.446,0.684,0.507,0.514,0.27,93,102,28,82,88,88,211,64,-7.2,-6.3
464,Cole Swider,25,2TM,SF,10,0,169,0.349,0.438,0.319,0.468,0,0.465,0.016,0.746,75,80,89,86,0,81,7,177,-9.4,-14.1
464,Cole Swider,25,DET,SF,2,0,13,0,,0,0,,0,0,1,0,,0,0,,0,0,237,-5.4,-5.8
464,Cole Swider,25,TOR,SF,8,0,156,0.379,0.438,0.357,0.509,0,0.505,0.017,0.724,81,80,99,94,0,88,7,172,-4,-8.3
465,Jaylen Nowell,25,NOP,SG,8,0,168,0.356,0.391,0.296,0.411,0.636,0.43,0.151,0.37,76,72,82,76,82,75,62,88,-19.3,-22.7
466,Markieff Morris,35,2TM,PF,15,2,165,0.3,0.353,0.25,0.364,0.833,0.385,0.086,0.514,64,65,69,67,107,67,35,122,-25,-27.8
466,Markieff Morris,35,DAL,PF,7,0,41,0.227,0.333,0.154,0.273,,0.273,0,0.591,49,61,43,50,,47,0,140,-11.9,-13.4
466,Markieff Morris,35,LAL,PF,8,2,124,0.333,0.36,0.304,0.406,0.833,0.434,0.125,0.479,71,66,84,75,107,75,51,114,-13.1,-14.4
467,Killian Hayes,23,BRK,PG,6,5,162,0.419,0.455,0.381,0.512,0.833,0.559,0.279,0.488,90,83,106,94,107,97,115,116,-2.7,-1.6
468,MarJon Beauchamp,24,3TM,SF,35,0,156,0.415,0.472,0.345,0.492,0.75,0.535,0.308,0.446,89,87,96,91,96,93,127,106,-6.5,-6
468,MarJon Beauchamp,24,MIL,SF,26,0,122,0.383,0.423,0.333,0.457,0.75,0.497,0.255,0.447,82,78,93,84,96,86,105,106,-8,-8.2
468,MarJon Beauchamp,24,LAC,SF,3,0,17,0.571,0.5,0.667,0.714,0.5,0.685,0.571,0.429,122,92,185,132,64,119,235,102,2.4,1.9
468,MarJon Beauchamp,24,NYK,SF,6,0,17,0.455,0.667,0.2,0.5,1,0.588,0.364,0.455,97,122,56,92,128,102,150,108,-0.9,0.3
469,Lamar Stevens,27,MEM,PF,17,1,155,0.46,0.583,0.296,0.524,0.727,0.545,0.175,0.429,99,107,82,96,93,95,72,102,-2.4,-4.2
470,Tyson Etienne,25,BRK,PG,7,0,151,0.327,0.5,0.295,0.452,0.8,0.488,0.192,0.846,70,92,82,83,103,85,79,201,-9.5,-10
471,Josh Richardson,31,MIA,SG,8,0,150,0.289,0.313,0.273,0.368,1,0.402,0.105,0.579,62,57,76,68,128,70,43,137,-13.3,-13.8
472,Jeenathan Williams,25,HOU,SG,20,0,147,0.435,0.583,0.231,0.484,0.625,0.496,0.129,0.419,93,107,64,89,80,86,53,100,-7.3,-10.5
473,Bruno Fernando,26,TOR,C,17,2,147,0.531,0.531,,0.531,0.75,0.552,0.163,0,114,97,,98,96,96,67,0,-1.2,-2.5
474,Damion Lee,32,PHO,SG,25,0,144,0.365,0.486,0.243,0.426,0.952,0.499,0.284,0.5,78,89,68,78,122,87,117,119,-17.4,-12.9
475,Oshae Brissett,26,PHI,SF,6,2,142,0.487,0.619,0.333,0.564,0.571,0.576,0.359,0.462,104,114,93,104,73,100,148,110,1.6,0
476,Elijah Harkless,24,UTA,SG,10,0,138,0.314,0.4,0.28,0.414,0.5,0.425,0.171,0.714,67,73,78,76,64,74,71,170,-9,-11.4
477,Pete Nance,24,2TM,PF,13,1,138,0.438,0.625,0.375,0.578,0.5,0.578,0.063,0.75,94,115,104,106,64,100,26,178,2.2,0.1
477,Pete Nance,24,PHI,C,7,0,68,0.333,0.333,0.333,0.467,0.5,0.472,0.133,0.8,71,61,93,86,64,82,55,190,-2.3,-3.3
477,Pete Nance,24,MIL,PF,6,1,70,0.529,0.8,0.417,0.676,,0.676,0,0.706,113,147,116,125,,117,0,168,4.5,3.4
478,Vlatko Čančar,27,DEN,PF,13,0,136,0.385,0.545,0.267,0.462,,0.462,0,0.577,82,100,74,85,,80,0,137,-4.2,-6
479,Kylor Kelley,27,2TM,C,11,2,126,0.636,0.636,,0.636,0.6,0.644,0.455,0,136,117,,117,77,112,187,0,4.1,3.6
479,Kylor Kelley,27,DAL,C,8,1,67,0.769,0.769,,0.769,0.667,0.767,0.462,0,165,141,,142,85,133,190,0,5.9,6
479,Kylor Kelley,27,NOP,C,3,1,59,0.444,0.444,,0.444,0.5,0.465,0.444,0,95,82,,82,64,81,183,0,-1.8,-2.4
480,Alex Ducas,24,OKC,SG,21,0,125,0.4,0.222,0.476,0.567,1,0.583,0.067,0.7,86,41,132,104,128,101,27,166,1.4,0.4
481,Spencer Jones,23,DEN,SF,20,0,125,0.324,0.588,0.059,0.338,1,0.368,0.088,0.5,69,108,16,62,128,64,36,119,-13.9,-14.7
482,Kobe Bufkin,21,ATL,SG,10,0,124,0.383,0.5,0.211,0.426,0.722,0.483,0.383,0.404,82,92,58,78,93,84,158,96,-11,-10.3
483,Tyler Smith,20,MIL,PF,23,0,122,0.48,0.55,0.433,0.61,0.75,0.626,0.16,0.6,103,101,120,112,96,109,66,142,6.7,5.3
484,De'Anthony Melton,26,GSW,SG,6,2,121,0.407,0.474,0.371,0.528,0.625,0.539,0.148,0.648,87,87,103,97,80,94,61,154,-1.7,-4.3
485,Moses Brown,25,2TM,C,13,2,119,0.694,0.694,,0.694,0.727,0.706,0.224,0,149,127,,128,93,122,92,0,14.8,13.9
485,Moses Brown,25,IND,C,9,0,46,0.65,0.65,,0.65,0.6,0.653,0.25,0,139,119,,120,77,113,103,0,4.3,3.4
485,Moses Brown,25,DAL,C,4,2,73,0.724,0.724,,0.724,0.833,0.743,0.207,0,155,133,,133,107,129,85,0,10.5,10.5
486,TyTy Washington Jr.,23,PHO,PG,16,0,118,0.311,0.417,0.19,0.356,0.5,0.367,0.133,0.467,67,76,53,65,64,64,55,111,-16.9,-19.9
487,Trey Alexander,21,DEN,SG,24,0,117,0.317,0.417,0.176,0.354,0.75,0.374,0.098,0.415,68,76,49,65,96,65,40,98,-15.5,-17.3
488,Joe Ingles,37,MIN,SF,19,1,114,0.261,0.375,0.2,0.326,,0.326,0,0.652,56,69,56,60,,57,0,155,-10,-11.5
489,Sidy Cissoko,20,2TM,SF,22,0,114,0.433,0.588,0.231,0.483,0.333,0.471,0.3,0.433,93,108,64,89,43,82,124,103,-3.6,-7.1
489,Sidy Cissoko,20,SAS,SF,17,0,54,0.5,0.545,0.429,0.583,0.167,0.533,0.333,0.389,107,100,119,107,21,92,137,92,1.4,-1.8
489,Sidy Cissoko,20,POR,SF,5,0,60,0.333,0.667,0,0.333,0.667,0.375,0.25,0.5,71,122,0,61,85,65,103,119,-5,-5.3
490,Tony Bradley,27,IND,C,14,0,113,0.644,0.667,0.333,0.656,0.333,0.64,0.133,0.067,138,122,93,121,43,111,55,16,10.1,6.1
491,Jaylen Sims,26,CHO,SG,6,0,112,0.429,0.462,0.4,0.536,0.8,0.607,0.536,0.536,92,85,111,99,103,105,221,127,-0.4,2.1
492,Pacome Dadiet,19,NYK,SG,18,0,111,0.323,0.333,0.316,0.419,0.667,0.446,0.194,0.613,69,61,88,77,85,77,80,146,-7.7,-8.8
493,Patrick Baldwin Jr.,22,2TM,SF,24,0,107,0.543,0.5,0.565,0.729,0.5,0.721,0.114,0.657,116,92,157,134,64,125,47,156,13,10.6
493,Patrick Baldwin Jr.,22,WAS,SF,22,0,101,0.515,0.5,0.524,0.682,0.5,0.676,0.121,0.636,110,92,145,126,64,117,50,151,9.2,6.9
493,Patrick Baldwin Jr.,22,LAC,SF,2,0,6,1,,1,1.5,,1.5,0,1,214,,278,276,,260,0,237,3.8,3.7
494,Chris Livingston,21,MIL,SF,21,1,106,0.333,0.474,0,0.333,0.75,0.441,0.593,0.296,71,87,0,61,96,76,244,70,-11.3,-9.2
495,Jae Crowder,34,SAC,PF,9,2,103,0.318,0.429,0.267,0.409,0.833,0.467,0.273,0.682,68,79,74,75,107,81,112,162,-5.9,-5.4
496,Justin Minaya,25,POR,SF,19,0,101,0.381,0.545,0.2,0.429,0,0.411,0.095,0.476,82,100,56,79,0,71,39,113,-4.8,-7.2
497,Keshad Johnson,23,MIA,SF,16,0,98,0.692,0.789,0.429,0.75,0.444,0.718,0.346,0.269,148,145,119,138,57,125,143,64,10.8,8.5
498,Yuki Kawamura,23,MEM,PG,22,0,93,0.367,0.571,0.304,0.483,0.778,0.53,0.3,0.767,78,105,84,89,100,92,124,182,-3.6,-3.1
499,JD Davison,22,BOS,PG,16,0,93,0.353,0.5,0.222,0.412,0.714,0.445,0.206,0.529,76,92,62,76,92,77,85,126,-8.9,-9.7
500,Luke Travers,23,CLE,SG,12,0,88,0.25,0.455,0,0.25,1,0.287,0.1,0.45,54,83,0,46,128,50,41,107,-11.7,-12.1
501,Stanley Umude,25,MIL,SG,22,0,86,0.192,0.182,0.2,0.25,0.5,0.27,0.154,0.577,41,33,56,46,64,47,63,137,-15.2,-17
502,Kevin Knox,25,GSW,SF,14,0,84,0.5,0.667,0.267,0.556,0.75,0.582,0.222,0.417,107,122,74,102,96,101,92,99,0.9,0.5
503,Isaiah Jackson,23,IND,C,5,1,84,0.609,0.609,,0.609,0.5,0.6,0.609,0,130,112,,112,64,104,251,0,3,1.4
504,Marcus Garrett,26,CHO,SG,4,0,79,0.407,0.421,0.375,0.463,0.75,0.487,0.148,0.296,87,77,104,85,96,84,61,70,-4.3,-5.1
505,Jacob Toppin,24,2TM,SF,17,0,76,0.409,0.333,0.5,0.523,,0.523,0,0.455,88,61,139,96,,91,0,108,-0.9,-2.3
505,Jacob Toppin,24,NYK,SF,16,0,49,0.3,0.375,0,0.3,,0.3,0,0.2,64,69,0,55,,52,0,47,-4.9,-5.5
505,Jacob Toppin,24,ATL,SF,1,0,27,0.5,0.25,0.625,0.708,,0.708,0,0.667,107,46,174,130,,123,0,158,4,3.2
506,Emoni Bates,21,CLE,SF,10,0,75,0.342,0.25,0.367,0.487,,0.487,0,0.789,73,46,102,90,,84,0,187,-4.3,-6.8
507,Taylor Hendricks,21,UTA,PF,3,3,75,0.222,0.167,0.25,0.306,0.75,0.354,0.222,0.667,48,31,69,56,96,61,92,158,-8.6,-8.8
508,Chris Duarte,27,CHI,SG,17,0,74,0.462,0.545,0.4,0.577,0.75,0.61,0.308,0.577,99,100,111,106,96,106,127,137,1.8,2
509,Daeqwon Plowden,26,ATL,SG,6,0,72,0.64,0.875,0.529,0.82,1,0.831,0.08,0.68,137,161,147,151,128,144,33,161,13.8,13.2
510,RayJ Dennis,23,IND,PG,11,0,70,0.333,0.417,0.286,0.424,1,0.443,0.061,0.636,71,76,79,78,128,77,25,151,-7.8,-9
511,Josh Christopher,23,MIA,SG,14,0,69,0.355,0.45,0.182,0.387,0.667,0.416,0.194,0.355,76,83,50,71,85,72,80,84,-9.7,-10.8
512,Matt Ryan,27,NYK,SF,19,0,68,0.323,0.333,0.316,0.419,1,0.439,0.065,0.613,69,61,88,77,128,76,27,146,-7.7,-8.7
513,Armel Traoré,22,LAL,SF,9,0,67,0.316,0.5,0,0.316,0.286,0.317,0.368,0.368,68,92,0,58,37,55,152,87,-8.6,-11.4
514,PJ Hall,22,DEN,C,19,0,66,0.583,0.75,0.25,0.625,0.75,0.641,0.167,0.333,125,138,69,115,96,111,69,79,3.9,3.3
515,Nae'Qwan Tomlin,24,CLE,PF,5,1,63,0.406,0.5,0.2,0.438,0.727,0.489,0.344,0.313,87,92,56,81,93,85,142,74,-6.8,-6.5
516,Jamaree Bouyea,25,MIL,PG,5,1,62,0.5,0.714,0.2,0.542,0.667,0.581,0.5,0.417,107,131,56,100,85,101,206,99,0,0.1
517,Cam Christie,19,LAC,SG,13,0,59,0.292,0.455,0.154,0.333,0.5,0.349,0.167,0.542,62,83,43,61,64,61,69,129,-10.1,-11.7
518,P.J. Tucker,39,NYK,SF,3,1,58,0.429,0,0.5,0.643,,0.643,0,0.857,92,0,139,118,,112,0,204,1.4,0.9
519,Jazian Gortman,21,DAL,PG,16,0,57,0.391,0.417,0.364,0.478,0.5,0.485,0.174,0.478,84,76,101,88,64,84,72,114,-3,-4.5
520,Liam Robbins,25,MIL,C,13,0,57,0.25,0.333,0,0.25,0.5,0.363,1.25,0.25,54,61,0,46,64,63,515,59,-4.7,-5.3
521,E.J. Liddell,24,CHI,PF,12,0,53,0.533,1,0.3,0.633,1,0.661,0.133,0.667,114,183,83,117,128,115,55,158,2.7,2.7
522,Jackson Rowe,28,GSW,PF,6,0,52,0.471,0.714,0.3,0.559,0.5,0.56,0.353,0.588,101,131,83,103,64,97,145,140,0.5,-0.6
523,N'Faly Dante,23,HOU,C,4,0,51,0.769,0.769,,0.769,0.8,0.789,0.385,0,165,141,,142,103,137,158,0,5.9,6.5
524,Isaiah Crawford,23,SAC,SF,15,0,46,0.455,0.667,0.2,0.5,0.5,0.509,0.364,0.455,97,122,56,92,64,88,150,108,-0.9,-1.7
525,Mason Jones,26,SAC,SG,10,0,45,0.5,0.8,0.125,0.528,0.8,0.569,0.278,0.444,107,147,35,97,103,99,114,106,-0.6,-0.3
526,Phillip Wheeler,22,PHI,PF,5,0,44,0.143,0.273,0,0.143,1,0.183,0.095,0.476,31,50,0,26,128,32,39,113,-16.8,-17.2
527,Malachi Flynn,26,CHO,PG,4,0,44,0.385,0.444,0.25,0.423,0.833,0.512,0.462,0.308,82,82,69,78,107,89,190,73,-3.1,-2
528,Jack McVeigh,28,HOU,PF,9,0,43,0.294,0.25,0.308,0.412,,0.412,0,0.765,63,46,85,76,,71,0,182,-4.5,-5.6
529,Bobi Klintman,21,DET,SF,8,0,42,0.6,0.8,0.4,0.7,0.5,0.689,0.2,0.5,128,147,111,129,64,120,82,119,3.1,2.5
530,James Johnson,37,IND,PF,12,0,37,0.364,0.5,0,0.364,0,0.35,0.091,0.273,78,92,0,67,0,61,37,65,-3.9,-5.2
531,PJ Dozier,28,MIN,SG,9,0,35,0.667,,0.667,1,0.167,0.621,2,1,143,,185,184,21,108,824,237,2.7,0.5
532,Harrison Ingram,22,SAS,SF,5,0,35,0.5,0.667,0,0.5,,0.5,0,0.25,107,122,0,92,,87,0,59,-0.3,-0.6
533,Miles Norris,24,BOS,PF,3,0,35,0.222,0,0.286,0.333,0.5,0.354,0.222,0.778,48,0,79,61,64,61,92,185,-3.8,-4.4
534,David Duke Jr.,25,SAS,SG,6,0,34,0.429,0.375,0.5,0.536,0.5,0.538,0.143,0.429,92,69,139,99,64,93,59,102,-0.2,-1.1
535,D.J. Carton,24,TOR,SG,4,0,33,0.143,0.25,0,0.143,1,0.202,0.143,0.429,31,46,0,26,128,35,59,102,-5.6,-5.6
536,Bryce McGowens,22,POR,SG,13,0,32,0.286,0.4,0,0.286,0.833,0.391,0.429,0.286,61,73,0,53,107,68,176,68,-7.2,-6.2
537,Leonard Miller,21,MIN,SF,13,0,32,0.4,0.6,0,0.4,1,0.54,0.533,0.333,86,110,0,74,128,94,220,79,-4.3,-1.3
538,Ulrich Chomche,19,TOR,PF,7,0,32,0.4,0.4,,0.4,0.5,0.425,0.4,0,86,73,,74,64,74,165,0,-1.4,-1.8
539,Jalen Bridges,23,PHO,SF,8,0,30,0.286,,0.286,0.429,0.75,0.514,0.571,1,61,,79,79,96,89,235,237,-1.6,-1.1
540,Jahmir Young,24,CHI,PG,6,0,30,0.8,1,0.5,0.9,1,0.935,0.4,0.4,171,183,139,166,128,162,165,95,3.6,4.2
541,Kevin McCullar Jr.,23,NYK,SF,4,0,29,0.286,0.333,0,0.286,1,0.381,0.286,0.143,61,61,0,53,128,66,118,34,-3.6,-3.1
542,Trentyn Flowers,19,LAC,SF,6,0,27,0.364,0.444,0,0.364,1,0.446,0.273,0.182,78,82,0,67,128,77,112,43,-3.9,-3.2
543,Emanuel Miller,24,CHI,PF,6,0,25,0.5,0.571,0,0.5,1,0.563,0.25,0.125,107,105,0,92,128,98,103,30,-0.7,-0.2
544,Daniss Jenkins,23,DET,PG,7,0,23,0.3,0.667,0.143,0.35,0,0.322,0.2,0.7,64,122,40,64,0,56,82,166,-3.9,-5.5
545,Anton Watson,24,NYK,SF,9,0,22,0.444,0.5,0,0.444,,0.444,0,0.111,95,92,0,82,,77,0,26,-1.8,-2.4
546,Tolu Smith,24,DET,PF,1,0,22,0.667,0.667,,0.667,0.667,0.678,0.333,0,143,122,,123,85,118,137,0,2.2,2.1
547,Malevy Leons,25,OKC,SF,6,0,21,0,0,0,0,0.5,0.266,2,0.5,0,0,0,0,64,46,824,119,-2.2,-2.3
548,Adama Sanogo,22,CHI,C,4,0,21,0.571,0.571,,0.571,,0.571,0,0,122,105,,105,,99,0,0,0.4,-0.1
549,Taze Moore,26,POR,SG,2,0,20,0.2,0.167,0.25,0.25,0.5,0.276,0.2,0.4,43,31,69,46,64,48,82,95,-5.9,-6.5
550,Ron Harper Jr.,24,DET,SF,1,0,17,0.125,0.5,0,0.125,1,0.225,0.25,0.75,27,92,0,23,128,39,103,178,-6.7,-6.2
551,Isaiah Mobley,25,PHI,PF,1,0,17,0.286,0.25,0.333,0.357,0.5,0.381,0.286,0.429,61,46,93,66,64,66,118,102,-2.6,-3.1
552,Yuri Collins,23,GSW,PG,2,0,16,0.333,0.333,,0.333,,0.333,0,0,71,61,,61,,58,0,0,-1.3,-1.5
553,Tristen Newton,23,2TM,SG,8,0,16,0.125,0.2,0,0.125,1,0.178,0.125,0.375,27,37,0,23,128,31,51,89,-6.7,-6.7
553,Tristen Newton,23,IND,SG,5,0,8,0.167,0.333,0,0.167,1,0.233,0.167,0.5,36,61,0,31,128,40,69,119,-4.5,-4.4
553,Tristen Newton,23,MIN,SG,3,0,8,0,0,,0,,0,0,0,0,0,,0,,0,0,0,-2.2,-2.3
554,Daishen Nix,22,MIN,PG,3,0,13,0,,0,0,0.5,0.266,2,1,0,,0,0,64,46,824,237,-1.1,-1.2
555,Skal Labissière,28,SAC,PF,4,0,12,0.5,0.333,1,0.625,,0.625,0,0.25,107,61,278,115,,108,0,59,0.7,0.4
556,Braxton Key,27,GSW,SF,3,0,11,0,0,0,0,0.5,0.226,1.5,0.25,0,0,0,0,64,39,618,59,-4.3,-4.7
557,Cui Yongxi,21,BRK,SG,5,0,10,0.143,0.25,0,0.143,0.5,0.19,0.286,0.429,31,46,0,26,64,33,118,102,-5.6,-6.1
558,Mac McClung,26,ORL,SG,2,0,10,0,0,0,0,,0,0,0.5,0,0,0,0,,0,0,119,-2.2,-2.3
559,Quincy Olivari,23,LAL,PG,2,0,10,0.2,,0.2,0.3,,0.3,0,1,43,,56,55,,52,0,237,-2.4,-2.8
560,Terence Davis,27,SAC,SG,1,0,8,0,0,0,0,,0,0,0.5,0,0,0,0,,0,0,119,-2.2,-2.3
561,Jalen McDaniels,27,WAS,SF,4,0,7,,,,,,,,,,,,,,,,,0,0
562,Riley Minix,24,SAS,SF,1,0,7,0,,0,0,,0,0,1,0,,0,0,,0,0,237,-1.1,-1.2
563,Isaiah Stevens,24,MIA,PG,3,0,6,0,0,0,0,,0,0,0.5,0,0,0,0,,0,0,119,-2.2,-2.3
564,Terry Taylor,25,SAC,PF,3,0,6,0,0,,0,,0,0,0,0,0,,0,,0,0,0,-1.1,-1.2
565,Jesse Edwards,24,MIN,C,2,0,5,,,,,,,,,,,,,,,,,0,0
566,James Wiseman,23,IND,C,1,0,5,0.5,0.667,0,0.5,1,0.615,0.5,0.25,107,122,0,92,128,107,206,59,-0.3,0.4
567,Alondes Williams,25,DET,SG,1,0,4,1,1,1,1.25,,1.25,0,0.5,214,183,278,230,,217,0,119,2.8,2.7
568,Zyon Pullin,23,MEM,SG,3,0,3,0,0,,0,,0,0,0,0,0,,0,,0,0,0,-1.1,-1.2
569,Jahlil Okafor,29,IND,C,1,0,3,,,,,,,,,,,,,,,,,0,0